-- MySQL dump 10.13  Distrib 8.0.32, for Win64 (x86_64)
--
-- Host: localhost    Database: webxemphim
-- ------------------------------------------------------
-- Server version	8.0.32

/*!40101 SET @OLD_CHARACTER_SET_CLIENT=@@CHARACTER_SET_CLIENT */;
/*!40101 SET @OLD_CHARACTER_SET_RESULTS=@@CHARACTER_SET_RESULTS */;
/*!40101 SET @OLD_COLLATION_CONNECTION=@@COLLATION_CONNECTION */;
/*!50503 SET NAMES utf8 */;
/*!40103 SET @OLD_TIME_ZONE=@@TIME_ZONE */;
/*!40103 SET TIME_ZONE='+00:00' */;
/*!40014 SET @OLD_UNIQUE_CHECKS=@@UNIQUE_CHECKS, UNIQUE_CHECKS=0 */;
/*!40014 SET @OLD_FOREIGN_KEY_CHECKS=@@FOREIGN_KEY_CHECKS, FOREIGN_KEY_CHECKS=0 */;
/*!40101 SET @OLD_SQL_MODE=@@SQL_MODE, SQL_MODE='NO_AUTO_VALUE_ON_ZERO' */;
/*!40111 SET @OLD_SQL_NOTES=@@SQL_NOTES, SQL_NOTES=0 */;

--
-- Table structure for table `binhluans`
--

DROP TABLE IF EXISTS `binhluans`;
/*!40101 SET @saved_cs_client     = @@character_set_client */;
/*!50503 SET character_set_client = utf8mb4 */;
CREATE TABLE `binhluans` (
  `id` int NOT NULL AUTO_INCREMENT,
  `user_id` int DEFAULT NULL,
  `phim_id` int DEFAULT NULL,
  `noidung` varchar(255) DEFAULT NULL,
  `created_at` timestamp NULL DEFAULT NULL,
  `updated_at` timestamp NULL DEFAULT NULL,
  PRIMARY KEY (`id`)
) ENGINE=InnoDB AUTO_INCREMENT=351 DEFAULT CHARSET=utf8mb4 COLLATE=utf8mb4_0900_ai_ci;
/*!40101 SET character_set_client = @saved_cs_client */;

--
-- Dumping data for table `binhluans`
--

LOCK TABLES `binhluans` WRITE;
/*!40000 ALTER TABLE `binhluans` DISABLE KEYS */;
INSERT INTO `binhluans` VALUES (1,2,28,'as','2023-04-13 01:08:12','2023-04-13 01:08:12'),(2,2,28,'assadasd','2023-04-13 01:12:41','2023-04-13 01:12:41'),(3,2,28,'asdasd','2023-04-13 01:12:54','2023-04-13 01:12:54'),(4,2,28,'asdasd','2023-04-13 01:13:02','2023-04-13 01:13:02'),(5,2,9,'hihi hay lắm','2023-04-13 01:28:16','2023-04-13 01:28:16'),(10,2,9,'cũng đc','2023-04-13 01:48:28','2023-04-13 01:48:28'),(16,2,9,'ngu ngu','2023-04-13 01:56:32','2023-04-13 01:56:32'),(17,2,9,'mới nhất','2023-04-13 02:40:48','2023-04-13 02:40:48'),(19,2,9,'asdasd','2023-04-13 02:41:00','2023-04-13 02:41:00'),(20,2,9,'mới nhất','2023-04-13 02:41:16','2023-04-13 02:41:16'),(21,1,9,'cũng ok','2023-04-13 02:50:15','2023-04-13 02:50:15'),(22,1,28,'hay lắm nha','2023-04-13 04:16:37','2023-04-13 04:16:37'),(23,1,28,'hay','2023-04-14 02:15:56','2023-04-14 02:15:56'),(24,1,24,'hay lắm','2023-04-14 05:55:12','2023-04-14 05:55:12'),(28,NULL,NULL,NULL,'2023-04-14 09:45:25','2023-04-14 09:45:25'),(29,NULL,NULL,NULL,'2023-04-14 09:45:27','2023-04-14 09:45:27'),(30,NULL,NULL,NULL,'2023-04-14 09:45:29','2023-04-14 09:45:29'),(31,NULL,NULL,NULL,'2023-04-14 09:45:29','2023-04-14 09:45:29'),(32,NULL,NULL,NULL,'2023-04-14 09:45:30','2023-04-14 09:45:30'),(33,NULL,NULL,NULL,'2023-04-14 09:45:30','2023-04-14 09:45:30'),(34,NULL,NULL,NULL,'2023-04-14 09:45:30','2023-04-14 09:45:30'),(35,NULL,NULL,NULL,'2023-04-14 09:45:31','2023-04-14 09:45:31'),(36,NULL,NULL,NULL,'2023-04-14 09:45:32','2023-04-14 09:45:32'),(37,NULL,NULL,NULL,'2023-04-14 09:45:33','2023-04-14 09:45:33'),(38,NULL,NULL,NULL,'2023-04-14 09:45:33','2023-04-14 09:45:33'),(39,NULL,NULL,NULL,'2023-04-14 09:45:33','2023-04-14 09:45:33'),(40,NULL,NULL,NULL,'2023-04-14 09:45:33','2023-04-14 09:45:33'),(41,NULL,NULL,NULL,'2023-04-14 09:45:33','2023-04-14 09:45:33'),(42,NULL,NULL,NULL,'2023-04-14 09:45:37','2023-04-14 09:45:37'),(43,NULL,NULL,NULL,'2023-04-14 09:45:41','2023-04-14 09:45:41'),(44,NULL,NULL,NULL,'2023-04-14 09:45:42','2023-04-14 09:45:42'),(45,NULL,NULL,NULL,'2023-04-14 09:45:42','2023-04-14 09:45:42'),(46,NULL,NULL,NULL,'2023-04-14 09:45:42','2023-04-14 09:45:42'),(47,NULL,NULL,NULL,'2023-04-14 09:45:47','2023-04-14 09:45:47'),(48,NULL,NULL,NULL,'2023-04-14 09:45:48','2023-04-14 09:45:48'),(49,NULL,NULL,NULL,'2023-04-14 09:45:48','2023-04-14 09:45:48'),(50,NULL,NULL,NULL,'2023-04-14 09:45:48','2023-04-14 09:45:48'),(51,NULL,NULL,NULL,'2023-04-14 09:45:56','2023-04-14 09:45:56'),(52,NULL,NULL,NULL,'2023-04-14 09:45:56','2023-04-14 09:45:56'),(53,NULL,NULL,NULL,'2023-04-14 09:45:56','2023-04-14 09:45:56'),(54,NULL,NULL,NULL,'2023-04-14 09:45:57','2023-04-14 09:45:57'),(55,NULL,NULL,NULL,'2023-04-14 09:45:57','2023-04-14 09:45:57'),(56,NULL,NULL,NULL,'2023-04-14 09:45:57','2023-04-14 09:45:57'),(57,NULL,NULL,NULL,'2023-04-14 09:46:47','2023-04-14 09:46:47'),(58,NULL,NULL,NULL,'2023-04-14 09:46:48','2023-04-14 09:46:48'),(59,NULL,NULL,NULL,'2023-04-14 09:46:49','2023-04-14 09:46:49'),(60,NULL,NULL,NULL,'2023-04-14 09:46:50','2023-04-14 09:46:50'),(61,NULL,NULL,NULL,'2023-04-14 09:46:50','2023-04-14 09:46:50'),(62,NULL,NULL,NULL,'2023-04-14 09:46:54','2023-04-14 09:46:54'),(63,NULL,NULL,NULL,'2023-04-14 09:46:54','2023-04-14 09:46:54'),(64,NULL,NULL,NULL,'2023-04-14 09:46:55','2023-04-14 09:46:55'),(65,NULL,NULL,NULL,'2023-04-14 09:46:55','2023-04-14 09:46:55'),(66,NULL,NULL,NULL,'2023-04-14 09:46:55','2023-04-14 09:46:55'),(67,NULL,NULL,NULL,'2023-04-14 09:46:56','2023-04-14 09:46:56'),(68,NULL,NULL,NULL,'2023-04-14 09:46:57','2023-04-14 09:46:57'),(69,NULL,NULL,NULL,'2023-04-14 09:46:57','2023-04-14 09:46:57'),(70,NULL,NULL,NULL,'2023-04-14 09:46:58','2023-04-14 09:46:58'),(71,NULL,NULL,NULL,'2023-04-14 09:47:01','2023-04-14 09:47:01'),(72,NULL,NULL,NULL,'2023-04-14 09:47:01','2023-04-14 09:47:01'),(73,NULL,NULL,NULL,'2023-04-14 09:47:01','2023-04-14 09:47:01'),(74,NULL,NULL,NULL,'2023-04-14 09:47:01','2023-04-14 09:47:01'),(75,NULL,NULL,NULL,'2023-04-14 09:47:01','2023-04-14 09:47:01'),(76,NULL,NULL,NULL,'2023-04-14 09:47:10','2023-04-14 09:47:10'),(77,NULL,NULL,NULL,'2023-04-14 09:47:10','2023-04-14 09:47:10'),(78,NULL,NULL,NULL,'2023-04-14 09:47:10','2023-04-14 09:47:10'),(79,NULL,NULL,NULL,'2023-04-14 09:47:10','2023-04-14 09:47:10'),(80,NULL,NULL,NULL,'2023-04-14 09:47:10','2023-04-14 09:47:10'),(81,NULL,NULL,NULL,'2023-04-14 09:47:10','2023-04-14 09:47:10'),(82,NULL,NULL,NULL,'2023-04-14 09:47:11','2023-04-14 09:47:11'),(83,NULL,NULL,NULL,'2023-04-14 09:47:12','2023-04-14 09:47:12'),(84,NULL,NULL,NULL,'2023-04-14 09:47:12','2023-04-14 09:47:12'),(85,NULL,NULL,NULL,'2023-04-14 09:47:15','2023-04-14 09:47:15'),(86,NULL,NULL,NULL,'2023-04-14 09:47:15','2023-04-14 09:47:15'),(87,NULL,NULL,NULL,'2023-04-14 09:47:27','2023-04-14 09:47:27'),(88,NULL,NULL,NULL,'2023-04-14 09:47:28','2023-04-14 09:47:28'),(89,NULL,NULL,NULL,'2023-04-14 09:47:28','2023-04-14 09:47:28'),(90,NULL,NULL,NULL,'2023-04-14 09:47:28','2023-04-14 09:47:28'),(91,NULL,NULL,NULL,'2023-04-14 09:47:28','2023-04-14 09:47:28'),(92,NULL,NULL,NULL,'2023-04-14 09:47:28','2023-04-14 09:47:28'),(93,NULL,NULL,NULL,'2023-04-14 09:47:28','2023-04-14 09:47:28'),(94,NULL,NULL,NULL,'2023-04-14 09:47:29','2023-04-14 09:47:29'),(95,NULL,NULL,NULL,'2023-04-14 09:47:29','2023-04-14 09:47:29'),(96,NULL,NULL,NULL,'2023-04-14 09:47:29','2023-04-14 09:47:29'),(97,NULL,NULL,NULL,'2023-04-14 09:47:29','2023-04-14 09:47:29'),(98,NULL,NULL,NULL,'2023-04-14 09:47:29','2023-04-14 09:47:29'),(99,NULL,NULL,NULL,'2023-04-14 09:47:29','2023-04-14 09:47:29'),(100,NULL,NULL,NULL,'2023-04-14 09:48:17','2023-04-14 09:48:17'),(101,NULL,NULL,NULL,'2023-04-14 09:48:18','2023-04-14 09:48:18'),(102,NULL,NULL,NULL,'2023-04-14 09:48:18','2023-04-14 09:48:18'),(103,NULL,NULL,NULL,'2023-04-14 09:48:19','2023-04-14 09:48:19'),(104,NULL,NULL,NULL,'2023-04-14 09:48:19','2023-04-14 09:48:19'),(105,NULL,NULL,NULL,'2023-04-14 09:48:19','2023-04-14 09:48:19'),(106,NULL,NULL,NULL,'2023-04-14 09:48:31','2023-04-14 09:48:31'),(107,NULL,NULL,NULL,'2023-04-14 09:49:11','2023-04-14 09:49:11'),(108,NULL,NULL,NULL,'2023-04-14 09:49:11','2023-04-14 09:49:11'),(109,NULL,NULL,NULL,'2023-04-14 09:49:11','2023-04-14 09:49:11'),(110,NULL,NULL,NULL,'2023-04-14 09:49:11','2023-04-14 09:49:11'),(111,NULL,NULL,NULL,'2023-04-14 09:49:12','2023-04-14 09:49:12'),(112,NULL,NULL,NULL,'2023-04-14 09:49:12','2023-04-14 09:49:12'),(113,NULL,NULL,NULL,'2023-04-14 09:49:13','2023-04-14 09:49:13'),(114,NULL,NULL,NULL,'2023-04-14 09:49:13','2023-04-14 09:49:13'),(115,NULL,NULL,NULL,'2023-04-14 09:49:14','2023-04-14 09:49:14'),(116,NULL,NULL,NULL,'2023-04-14 09:50:32','2023-04-14 09:50:32'),(117,NULL,NULL,NULL,'2023-04-14 09:50:33','2023-04-14 09:50:33'),(118,NULL,NULL,NULL,'2023-04-14 09:50:33','2023-04-14 09:50:33'),(119,NULL,NULL,NULL,'2023-04-14 09:50:33','2023-04-14 09:50:33'),(120,NULL,NULL,NULL,'2023-04-14 09:50:44','2023-04-14 09:50:44'),(121,NULL,NULL,NULL,'2023-04-14 09:50:44','2023-04-14 09:50:44'),(122,NULL,NULL,NULL,'2023-04-14 09:50:44','2023-04-14 09:50:44'),(123,NULL,NULL,NULL,'2023-04-14 09:50:44','2023-04-14 09:50:44'),(124,NULL,NULL,NULL,'2023-04-14 09:50:45','2023-04-14 09:50:45'),(125,NULL,NULL,NULL,'2023-04-14 09:50:45','2023-04-14 09:50:45'),(126,NULL,NULL,NULL,'2023-04-14 09:50:45','2023-04-14 09:50:45'),(127,NULL,NULL,NULL,'2023-04-14 09:50:45','2023-04-14 09:50:45'),(128,NULL,NULL,NULL,'2023-04-14 09:50:45','2023-04-14 09:50:45'),(129,NULL,NULL,NULL,'2023-04-14 09:50:59','2023-04-14 09:50:59'),(130,NULL,NULL,NULL,'2023-04-14 09:51:54','2023-04-14 09:51:54'),(131,NULL,NULL,NULL,'2023-04-14 09:51:55','2023-04-14 09:51:55'),(132,NULL,NULL,NULL,'2023-04-14 09:51:55','2023-04-14 09:51:55'),(133,NULL,NULL,NULL,'2023-04-14 09:51:57','2023-04-14 09:51:57'),(134,NULL,NULL,NULL,'2023-04-14 09:51:57','2023-04-14 09:51:57'),(135,NULL,NULL,NULL,'2023-04-14 09:51:57','2023-04-14 09:51:57'),(136,NULL,NULL,NULL,'2023-04-14 09:51:57','2023-04-14 09:51:57'),(137,NULL,NULL,NULL,'2023-04-14 09:51:58','2023-04-14 09:51:58'),(138,NULL,NULL,NULL,'2023-04-14 09:51:58','2023-04-14 09:51:58'),(139,NULL,NULL,NULL,'2023-04-14 09:51:58','2023-04-14 09:51:58'),(140,NULL,NULL,NULL,'2023-04-14 09:51:58','2023-04-14 09:51:58'),(141,NULL,NULL,NULL,'2023-04-14 09:51:58','2023-04-14 09:51:58'),(142,NULL,NULL,NULL,'2023-04-14 09:51:58','2023-04-14 09:51:58'),(143,NULL,NULL,NULL,'2023-04-14 09:51:59','2023-04-14 09:51:59'),(144,NULL,NULL,NULL,'2023-04-14 09:51:59','2023-04-14 09:51:59'),(145,NULL,NULL,NULL,'2023-04-14 09:51:59','2023-04-14 09:51:59'),(146,NULL,NULL,NULL,'2023-04-14 09:51:59','2023-04-14 09:51:59'),(147,NULL,NULL,NULL,'2023-04-14 09:51:59','2023-04-14 09:51:59'),(148,NULL,NULL,NULL,'2023-04-14 09:52:00','2023-04-14 09:52:00'),(149,NULL,NULL,NULL,'2023-04-14 09:52:00','2023-04-14 09:52:00'),(150,NULL,NULL,NULL,'2023-04-14 09:52:01','2023-04-14 09:52:01'),(151,NULL,NULL,NULL,'2023-04-14 09:52:01','2023-04-14 09:52:01'),(152,NULL,NULL,NULL,'2023-04-14 09:52:02','2023-04-14 09:52:02'),(153,NULL,NULL,NULL,'2023-04-14 09:52:03','2023-04-14 09:52:03'),(154,NULL,NULL,NULL,'2023-04-14 09:52:04','2023-04-14 09:52:04'),(155,NULL,NULL,NULL,'2023-04-14 09:52:04','2023-04-14 09:52:04'),(156,NULL,NULL,NULL,'2023-04-14 09:52:04','2023-04-14 09:52:04'),(157,NULL,NULL,NULL,'2023-04-14 09:52:05','2023-04-14 09:52:05'),(158,NULL,NULL,NULL,'2023-04-14 09:52:08','2023-04-14 09:52:08'),(159,NULL,NULL,NULL,'2023-04-14 09:52:08','2023-04-14 09:52:08'),(160,NULL,NULL,NULL,'2023-04-14 09:52:23','2023-04-14 09:52:23'),(161,NULL,NULL,NULL,'2023-04-14 09:52:23','2023-04-14 09:52:23'),(162,NULL,NULL,NULL,'2023-04-14 09:52:23','2023-04-14 09:52:23'),(163,NULL,NULL,NULL,'2023-04-14 09:52:24','2023-04-14 09:52:24'),(164,NULL,NULL,NULL,'2023-04-14 09:52:24','2023-04-14 09:52:24'),(165,NULL,NULL,NULL,'2023-04-14 09:52:25','2023-04-14 09:52:25'),(166,NULL,NULL,NULL,'2023-04-14 09:52:25','2023-04-14 09:52:25'),(167,NULL,NULL,NULL,'2023-04-14 09:52:25','2023-04-14 09:52:25'),(168,NULL,NULL,NULL,'2023-04-14 09:52:26','2023-04-14 09:52:26'),(169,NULL,NULL,NULL,'2023-04-14 09:52:26','2023-04-14 09:52:26'),(170,NULL,NULL,NULL,'2023-04-14 09:52:26','2023-04-14 09:52:26'),(171,NULL,NULL,NULL,'2023-04-14 09:52:28','2023-04-14 09:52:28'),(172,NULL,NULL,NULL,'2023-04-14 09:52:28','2023-04-14 09:52:28'),(173,NULL,NULL,NULL,'2023-04-14 09:52:28','2023-04-14 09:52:28'),(174,NULL,NULL,NULL,'2023-04-14 09:52:28','2023-04-14 09:52:28'),(175,NULL,NULL,NULL,'2023-04-14 09:52:28','2023-04-14 09:52:28'),(176,NULL,NULL,NULL,'2023-04-14 09:52:29','2023-04-14 09:52:29'),(177,NULL,NULL,NULL,'2023-04-14 09:52:42','2023-04-14 09:52:42'),(178,NULL,NULL,NULL,'2023-04-14 09:52:43','2023-04-14 09:52:43'),(179,NULL,NULL,NULL,'2023-04-14 09:52:43','2023-04-14 09:52:43'),(180,NULL,NULL,NULL,'2023-04-14 09:52:43','2023-04-14 09:52:43'),(181,NULL,NULL,NULL,'2023-04-14 09:52:43','2023-04-14 09:52:43'),(182,NULL,NULL,NULL,'2023-04-14 09:52:43','2023-04-14 09:52:43'),(183,NULL,NULL,NULL,'2023-04-14 09:52:44','2023-04-14 09:52:44'),(184,NULL,NULL,NULL,'2023-04-14 09:52:45','2023-04-14 09:52:45'),(185,NULL,NULL,NULL,'2023-04-14 09:53:25','2023-04-14 09:53:25'),(186,NULL,NULL,NULL,'2023-04-14 09:53:26','2023-04-14 09:53:26'),(187,NULL,NULL,NULL,'2023-04-14 09:53:26','2023-04-14 09:53:26'),(188,NULL,NULL,NULL,'2023-04-14 09:53:26','2023-04-14 09:53:26'),(189,NULL,NULL,NULL,'2023-04-14 09:53:27','2023-04-14 09:53:27'),(190,NULL,NULL,NULL,'2023-04-14 09:53:27','2023-04-14 09:53:27'),(191,NULL,NULL,NULL,'2023-04-14 09:53:27','2023-04-14 09:53:27'),(192,NULL,NULL,NULL,'2023-04-14 09:53:31','2023-04-14 09:53:31'),(193,NULL,NULL,NULL,'2023-04-14 09:53:32','2023-04-14 09:53:32'),(194,NULL,NULL,NULL,'2023-04-14 09:53:32','2023-04-14 09:53:32'),(195,NULL,NULL,NULL,'2023-04-14 09:53:32','2023-04-14 09:53:32'),(196,NULL,NULL,NULL,'2023-04-14 09:53:32','2023-04-14 09:53:32'),(197,NULL,NULL,NULL,'2023-04-14 09:53:33','2023-04-14 09:53:33'),(198,NULL,NULL,NULL,'2023-04-14 09:53:33','2023-04-14 09:53:33'),(199,NULL,NULL,NULL,'2023-04-14 09:53:34','2023-04-14 09:53:34'),(200,NULL,NULL,NULL,'2023-04-14 09:53:34','2023-04-14 09:53:34'),(201,NULL,NULL,NULL,'2023-04-14 09:53:34','2023-04-14 09:53:34'),(202,NULL,NULL,NULL,'2023-04-14 09:53:34','2023-04-14 09:53:34'),(203,NULL,NULL,NULL,'2023-04-14 09:53:34','2023-04-14 09:53:34'),(204,NULL,NULL,NULL,'2023-04-14 09:53:35','2023-04-14 09:53:35'),(205,NULL,NULL,NULL,'2023-04-14 09:53:37','2023-04-14 09:53:37'),(206,NULL,NULL,NULL,'2023-04-14 09:53:37','2023-04-14 09:53:37'),(207,NULL,NULL,NULL,'2023-04-14 09:53:37','2023-04-14 09:53:37'),(208,NULL,NULL,NULL,'2023-04-14 09:53:37','2023-04-14 09:53:37'),(209,NULL,NULL,NULL,'2023-04-14 09:53:40','2023-04-14 09:53:40'),(210,NULL,NULL,NULL,'2023-04-14 09:53:40','2023-04-14 09:53:40'),(211,NULL,NULL,NULL,'2023-04-14 09:53:40','2023-04-14 09:53:40'),(212,NULL,NULL,NULL,'2023-04-14 09:53:41','2023-04-14 09:53:41'),(213,NULL,NULL,NULL,'2023-04-14 09:53:41','2023-04-14 09:53:41'),(214,NULL,NULL,NULL,'2023-04-14 09:53:41','2023-04-14 09:53:41'),(215,NULL,NULL,NULL,'2023-04-14 09:53:41','2023-04-14 09:53:41'),(216,NULL,NULL,NULL,'2023-04-14 09:53:43','2023-04-14 09:53:43'),(217,NULL,NULL,NULL,'2023-04-14 09:53:43','2023-04-14 09:53:43'),(218,NULL,NULL,NULL,'2023-04-14 09:53:43','2023-04-14 09:53:43'),(219,NULL,NULL,NULL,'2023-04-14 09:53:43','2023-04-14 09:53:43'),(220,NULL,NULL,NULL,'2023-04-14 09:53:44','2023-04-14 09:53:44'),(221,NULL,NULL,NULL,'2023-04-14 09:53:44','2023-04-14 09:53:44'),(222,NULL,NULL,NULL,'2023-04-14 09:53:44','2023-04-14 09:53:44'),(223,NULL,NULL,NULL,'2023-04-14 09:53:44','2023-04-14 09:53:44'),(224,NULL,NULL,NULL,'2023-04-14 09:53:44','2023-04-14 09:53:44'),(225,NULL,NULL,NULL,'2023-04-14 09:53:45','2023-04-14 09:53:45'),(226,NULL,NULL,NULL,'2023-04-14 09:53:45','2023-04-14 09:53:45'),(227,NULL,NULL,NULL,'2023-04-14 09:53:45','2023-04-14 09:53:45'),(228,NULL,NULL,NULL,'2023-04-14 09:53:46','2023-04-14 09:53:46'),(229,NULL,NULL,NULL,'2023-04-14 09:53:46','2023-04-14 09:53:46'),(230,NULL,NULL,NULL,'2023-04-14 09:53:46','2023-04-14 09:53:46'),(231,NULL,NULL,NULL,'2023-04-14 09:53:47','2023-04-14 09:53:47'),(232,NULL,NULL,NULL,'2023-04-14 09:53:47','2023-04-14 09:53:47'),(233,NULL,NULL,NULL,'2023-04-14 09:53:47','2023-04-14 09:53:47'),(234,NULL,NULL,NULL,'2023-04-14 09:53:48','2023-04-14 09:53:48'),(235,NULL,NULL,NULL,'2023-04-14 09:53:48','2023-04-14 09:53:48'),(236,NULL,NULL,NULL,'2023-04-14 09:53:48','2023-04-14 09:53:48'),(237,NULL,NULL,NULL,'2023-04-14 09:53:48','2023-04-14 09:53:48'),(238,NULL,NULL,NULL,'2023-04-14 09:53:49','2023-04-14 09:53:49'),(239,NULL,NULL,NULL,'2023-04-14 09:53:49','2023-04-14 09:53:49'),(240,NULL,NULL,NULL,'2023-04-14 09:53:51','2023-04-14 09:53:51'),(241,NULL,NULL,NULL,'2023-04-14 09:53:51','2023-04-14 09:53:51'),(242,NULL,NULL,NULL,'2023-04-14 09:53:52','2023-04-14 09:53:52'),(243,NULL,NULL,NULL,'2023-04-14 09:53:52','2023-04-14 09:53:52'),(244,NULL,NULL,NULL,'2023-04-14 09:53:52','2023-04-14 09:53:52'),(245,NULL,NULL,NULL,'2023-04-14 09:53:53','2023-04-14 09:53:53'),(246,NULL,NULL,NULL,'2023-04-14 09:53:53','2023-04-14 09:53:53'),(247,NULL,NULL,NULL,'2023-04-14 09:53:53','2023-04-14 09:53:53'),(248,NULL,NULL,NULL,'2023-04-14 09:53:53','2023-04-14 09:53:53'),(249,NULL,NULL,NULL,'2023-04-14 09:53:54','2023-04-14 09:53:54'),(250,NULL,NULL,NULL,'2023-04-14 09:53:59','2023-04-14 09:53:59'),(251,NULL,NULL,NULL,'2023-04-14 09:53:59','2023-04-14 09:53:59'),(252,NULL,NULL,NULL,'2023-04-14 09:53:59','2023-04-14 09:53:59'),(253,NULL,NULL,NULL,'2023-04-14 09:53:59','2023-04-14 09:53:59'),(254,NULL,NULL,NULL,'2023-04-14 09:53:59','2023-04-14 09:53:59'),(255,NULL,NULL,NULL,'2023-04-14 09:53:59','2023-04-14 09:53:59'),(256,NULL,NULL,NULL,'2023-04-14 09:54:00','2023-04-14 09:54:00'),(257,NULL,NULL,NULL,'2023-04-14 09:54:15','2023-04-14 09:54:15'),(258,NULL,NULL,NULL,'2023-04-14 09:54:16','2023-04-14 09:54:16'),(259,NULL,NULL,NULL,'2023-04-14 09:54:16','2023-04-14 09:54:16'),(260,NULL,NULL,NULL,'2023-04-14 09:54:16','2023-04-14 09:54:16'),(261,NULL,NULL,NULL,'2023-04-14 09:54:16','2023-04-14 09:54:16'),(262,NULL,NULL,NULL,'2023-04-14 09:54:16','2023-04-14 09:54:16'),(263,NULL,NULL,NULL,'2023-04-14 09:54:17','2023-04-14 09:54:17'),(264,NULL,NULL,NULL,'2023-04-14 09:54:17','2023-04-14 09:54:17'),(265,NULL,NULL,NULL,'2023-04-14 09:54:17','2023-04-14 09:54:17'),(266,NULL,NULL,NULL,'2023-04-14 09:54:17','2023-04-14 09:54:17'),(267,NULL,NULL,NULL,'2023-04-14 09:54:17','2023-04-14 09:54:17'),(268,NULL,NULL,NULL,'2023-04-14 09:54:18','2023-04-14 09:54:18'),(269,NULL,NULL,NULL,'2023-04-14 09:54:18','2023-04-14 09:54:18'),(270,NULL,NULL,NULL,'2023-04-14 09:54:19','2023-04-14 09:54:19'),(271,NULL,NULL,NULL,'2023-04-14 09:54:20','2023-04-14 09:54:20'),(272,NULL,NULL,NULL,'2023-04-14 09:54:20','2023-04-14 09:54:20'),(273,NULL,NULL,NULL,'2023-04-14 09:54:20','2023-04-14 09:54:20'),(274,NULL,NULL,NULL,'2023-04-14 09:54:22','2023-04-14 09:54:22'),(275,NULL,NULL,NULL,'2023-04-14 09:54:22','2023-04-14 09:54:22'),(276,NULL,NULL,NULL,'2023-04-14 09:54:23','2023-04-14 09:54:23'),(277,NULL,NULL,NULL,'2023-04-14 09:54:23','2023-04-14 09:54:23'),(278,NULL,NULL,NULL,'2023-04-14 09:54:23','2023-04-14 09:54:23'),(279,NULL,NULL,NULL,'2023-04-14 09:54:23','2023-04-14 09:54:23'),(280,NULL,NULL,NULL,'2023-04-14 09:54:24','2023-04-14 09:54:24'),(281,NULL,NULL,NULL,'2023-04-14 09:54:24','2023-04-14 09:54:24'),(282,NULL,NULL,NULL,'2023-04-14 09:54:24','2023-04-14 09:54:24'),(283,NULL,NULL,NULL,'2023-04-14 09:54:24','2023-04-14 09:54:24'),(284,NULL,NULL,NULL,'2023-04-14 09:54:25','2023-04-14 09:54:25'),(285,NULL,NULL,NULL,'2023-04-14 09:54:59','2023-04-14 09:54:59'),(286,NULL,NULL,NULL,'2023-04-14 09:55:00','2023-04-14 09:55:00'),(287,NULL,NULL,NULL,'2023-04-14 09:55:00','2023-04-14 09:55:00'),(288,NULL,NULL,NULL,'2023-04-14 09:55:00','2023-04-14 09:55:00'),(289,NULL,NULL,NULL,'2023-04-14 09:55:01','2023-04-14 09:55:01'),(290,NULL,NULL,NULL,'2023-04-14 09:55:01','2023-04-14 09:55:01'),(291,NULL,NULL,NULL,'2023-04-14 09:55:01','2023-04-14 09:55:01'),(292,NULL,NULL,NULL,'2023-04-14 09:55:01','2023-04-14 09:55:01'),(293,NULL,NULL,NULL,'2023-04-14 09:55:02','2023-04-14 09:55:02'),(294,NULL,NULL,NULL,'2023-04-14 09:55:02','2023-04-14 09:55:02'),(295,NULL,NULL,NULL,'2023-04-14 09:55:02','2023-04-14 09:55:02'),(296,NULL,NULL,NULL,'2023-04-14 09:55:02','2023-04-14 09:55:02'),(297,NULL,NULL,NULL,'2023-04-14 09:55:07','2023-04-14 09:55:07'),(298,NULL,NULL,NULL,'2023-04-14 09:55:07','2023-04-14 09:55:07'),(299,NULL,NULL,NULL,'2023-04-14 09:55:08','2023-04-14 09:55:08'),(300,NULL,NULL,NULL,'2023-04-14 09:55:08','2023-04-14 09:55:08'),(301,NULL,NULL,NULL,'2023-04-14 09:55:09','2023-04-14 09:55:09'),(302,NULL,NULL,NULL,'2023-04-14 09:55:10','2023-04-14 09:55:10'),(303,NULL,NULL,NULL,'2023-04-14 09:55:44','2023-04-14 09:55:44'),(304,NULL,NULL,NULL,'2023-04-14 09:56:49','2023-04-14 09:56:49'),(305,NULL,NULL,NULL,'2023-04-14 09:58:25','2023-04-14 09:58:25'),(306,NULL,NULL,NULL,'2023-04-14 09:58:27','2023-04-14 09:58:27'),(307,NULL,NULL,NULL,'2023-04-14 09:58:28','2023-04-14 09:58:28'),(308,NULL,NULL,NULL,'2023-04-14 09:58:31','2023-04-14 09:58:31'),(309,NULL,NULL,NULL,'2023-04-14 09:58:54','2023-04-14 09:58:54'),(310,NULL,NULL,NULL,'2023-04-14 09:58:56','2023-04-14 09:58:56'),(311,NULL,NULL,NULL,'2023-04-14 09:58:56','2023-04-14 09:58:56'),(312,NULL,NULL,NULL,'2023-04-14 09:58:56','2023-04-14 09:58:56'),(313,NULL,NULL,NULL,'2023-04-14 09:58:57','2023-04-14 09:58:57'),(314,NULL,NULL,NULL,'2023-04-14 09:58:57','2023-04-14 09:58:57'),(315,NULL,NULL,NULL,'2023-04-14 09:58:57','2023-04-14 09:58:57'),(316,NULL,NULL,NULL,'2023-04-14 09:58:57','2023-04-14 09:58:57'),(317,NULL,NULL,NULL,'2023-04-14 09:58:57','2023-04-14 09:58:57'),(318,NULL,NULL,NULL,'2023-04-14 09:58:57','2023-04-14 09:58:57'),(319,NULL,NULL,NULL,'2023-04-14 09:58:57','2023-04-14 09:58:57'),(320,NULL,NULL,NULL,'2023-04-14 09:58:58','2023-04-14 09:58:58'),(321,NULL,NULL,NULL,'2023-04-14 09:59:14','2023-04-14 09:59:14'),(322,NULL,NULL,NULL,'2023-04-14 09:59:15','2023-04-14 09:59:15'),(323,NULL,NULL,NULL,'2023-04-14 09:59:16','2023-04-14 09:59:16'),(324,NULL,NULL,NULL,'2023-04-14 09:59:21','2023-04-14 09:59:21'),(325,1,28,'asdasd','2023-04-14 10:01:44','2023-04-14 10:01:44'),(326,1,28,'asdasd','2023-04-14 10:01:45','2023-04-14 10:01:45'),(327,1,31,'hay lắm','2023-04-19 01:43:15','2023-04-19 01:43:15'),(328,1,34,'hay','2023-04-19 02:00:33','2023-04-19 02:00:33'),(329,1,34,'đc','2023-04-19 02:00:36','2023-04-19 02:00:36'),(330,1,34,'ok','2023-04-19 02:00:39','2023-04-19 02:00:39'),(331,2,35,'phim hay lắm','2023-04-21 02:29:52','2023-04-21 02:29:52'),(332,1,36,'dở','2023-04-22 00:50:23','2023-04-22 00:50:23'),(333,1,35,'kkk','2023-04-22 02:56:45','2023-04-22 02:56:45'),(334,1,38,'hay','2023-05-02 03:32:53','2023-05-02 03:32:53'),(335,1,38,'đẹp','2023-05-02 03:32:59','2023-05-02 03:32:59'),(336,12,37,'hay','2023-05-08 01:19:23','2023-05-08 01:19:23'),(337,1,38,'dm','2023-05-12 03:41:56','2023-05-12 03:41:56'),(338,1,35,'asdasd','2023-05-15 00:10:23','2023-05-15 00:10:23'),(339,1,35,'dasdasd','2023-05-15 00:10:47','2023-05-15 00:10:47'),(340,1,43,NULL,'2023-05-15 04:01:44','2023-05-15 04:01:44'),(341,1,45,'hay','2023-06-08 02:57:42','2023-06-08 02:57:42'),(342,16,31,'bình thường','2023-06-10 06:54:17','2023-06-10 06:54:17'),(343,1,38,'tệ','2023-06-15 12:52:38','2023-06-15 12:52:38'),(344,1,38,'bình thường','2023-06-15 12:52:42','2023-06-15 12:52:42'),(345,18,37,'CHƯA XEM','2023-06-18 02:40:51','2023-06-18 02:40:51'),(346,1,37,'jhkj','2023-06-22 02:41:45','2023-06-22 02:41:45'),(347,20,37,'xcasd','2023-06-22 05:40:19','2023-06-22 05:40:19'),(348,22,33,'hay','2023-06-25 09:30:56','2023-06-25 09:30:56'),(349,23,37,'chưa xem','2023-06-25 09:43:15','2023-06-25 09:43:15'),(350,39,48,'hay','2023-06-27 03:58:49','2023-06-27 03:58:49');
/*!40000 ALTER TABLE `binhluans` ENABLE KEYS */;
UNLOCK TABLES;

--
-- Table structure for table `danhgias`
--

DROP TABLE IF EXISTS `danhgias`;
/*!40101 SET @saved_cs_client     = @@character_set_client */;
/*!50503 SET character_set_client = utf8mb4 */;
CREATE TABLE `danhgias` (
  `id` int NOT NULL AUTO_INCREMENT,
  `sao` int DEFAULT NULL,
  `phim_id` int DEFAULT NULL,
  `user_id` int DEFAULT NULL,
  PRIMARY KEY (`id`)
) ENGINE=InnoDB AUTO_INCREMENT=119 DEFAULT CHARSET=utf8mb4 COLLATE=utf8mb4_0900_ai_ci;
/*!40101 SET character_set_client = @saved_cs_client */;

--
-- Dumping data for table `danhgias`
--

LOCK TABLES `danhgias` WRITE;
/*!40000 ALTER TABLE `danhgias` DISABLE KEYS */;
INSERT INTO `danhgias` VALUES (28,4,36,1),(29,4,31,1),(30,4,35,1),(31,4,34,1),(32,5,36,5),(33,4,37,1),(34,4,33,5),(35,3,34,5),(36,3,41,5),(37,3,38,5),(38,2,31,5),(39,5,39,5),(40,4,40,5),(41,3,39,1),(42,4,40,2),(43,5,39,2),(44,4,42,2),(45,5,38,1),(46,5,41,1),(47,4,43,5),(48,5,44,5),(49,5,37,12),(50,5,35,6),(51,5,45,1),(52,2,45,12),(53,5,41,12),(54,5,31,12),(55,3,50,1),(56,5,43,1),(57,5,58,1),(58,5,37,15),(59,5,34,14),(60,5,34,16),(61,3,37,17),(62,5,37,18),(63,5,37,19),(64,4,54,1),(65,5,37,20),(66,4,64,6),(67,5,63,6),(68,3,62,6),(69,5,61,6),(70,4,67,5),(71,3,63,5),(72,3,33,22),(73,5,37,23),(74,5,37,24),(75,1,42,1),(76,5,33,25),(77,5,65,25),(78,5,62,25),(79,5,57,25),(80,5,55,25),(81,5,54,25),(82,5,48,25),(83,5,65,26),(84,5,31,26),(85,5,34,26),(86,5,31,27),(87,5,44,27),(88,5,48,28),(89,5,57,28),(90,4,65,29),(91,5,48,29),(92,4,48,30),(93,4,56,31),(94,5,54,31),(95,5,56,32),(96,4,55,32),(97,5,42,33),(98,5,56,33),(99,5,57,33),(100,5,48,34),(101,4,65,34),(102,5,48,35),(103,1,65,35),(104,1,57,1),(105,1,44,36),(106,1,40,36),(107,1,37,36),(108,1,31,36),(109,1,34,36),(110,5,48,36),(111,5,54,36),(112,3,56,36),(113,5,54,37),(114,3,62,37),(115,5,56,38),(116,4,45,38),(117,5,48,39),(118,5,57,39);
/*!40000 ALTER TABLE `danhgias` ENABLE KEYS */;
UNLOCK TABLES;

--
-- Table structure for table `danhmucs`
--

DROP TABLE IF EXISTS `danhmucs`;
/*!40101 SET @saved_cs_client     = @@character_set_client */;
/*!50503 SET character_set_client = utf8mb4 */;
CREATE TABLE `danhmucs` (
  `id` int NOT NULL AUTO_INCREMENT,
  `tieude` varchar(255) DEFAULT NULL,
  `mota` varchar(255) DEFAULT NULL,
  `trangthai` int DEFAULT NULL,
  `slug` varchar(255) DEFAULT NULL,
  `sapxephang` int DEFAULT NULL,
  PRIMARY KEY (`id`)
) ENGINE=InnoDB AUTO_INCREMENT=13 DEFAULT CHARSET=utf8mb4 COLLATE=utf8mb4_0900_ai_ci;
/*!40101 SET character_set_client = @saved_cs_client */;

--
-- Dumping data for table `danhmucs`
--

LOCK TABLES `danhmucs` WRITE;
/*!40000 ALTER TABLE `danhmucs` DISABLE KEYS */;
INSERT INTO `danhmucs` VALUES (3,'Phim Mới','Phim mới cập nhật hàng ngày',1,'phim-moi',0),(6,'Phim bộ','asd',1,'phim-bo',1),(11,'Phim Lẻ','Cập nhật hằng ngày',1,'phim-le',2);
/*!40000 ALTER TABLE `danhmucs` ENABLE KEYS */;
UNLOCK TABLES;

--
-- Table structure for table `failed_jobs`
--

DROP TABLE IF EXISTS `failed_jobs`;
/*!40101 SET @saved_cs_client     = @@character_set_client */;
/*!50503 SET character_set_client = utf8mb4 */;
CREATE TABLE `failed_jobs` (
  `id` bigint unsigned NOT NULL AUTO_INCREMENT,
  `uuid` varchar(255) COLLATE utf8mb4_unicode_ci NOT NULL,
  `connection` text COLLATE utf8mb4_unicode_ci NOT NULL,
  `queue` text COLLATE utf8mb4_unicode_ci NOT NULL,
  `payload` longtext COLLATE utf8mb4_unicode_ci NOT NULL,
  `exception` longtext COLLATE utf8mb4_unicode_ci NOT NULL,
  `failed_at` timestamp NOT NULL DEFAULT CURRENT_TIMESTAMP,
  PRIMARY KEY (`id`),
  UNIQUE KEY `failed_jobs_uuid_unique` (`uuid`)
) ENGINE=InnoDB DEFAULT CHARSET=utf8mb4 COLLATE=utf8mb4_unicode_ci;
/*!40101 SET character_set_client = @saved_cs_client */;

--
-- Dumping data for table `failed_jobs`
--

LOCK TABLES `failed_jobs` WRITE;
/*!40000 ALTER TABLE `failed_jobs` DISABLE KEYS */;
/*!40000 ALTER TABLE `failed_jobs` ENABLE KEYS */;
UNLOCK TABLES;

--
-- Table structure for table `goidichvus`
--

DROP TABLE IF EXISTS `goidichvus`;
/*!40101 SET @saved_cs_client     = @@character_set_client */;
/*!50503 SET character_set_client = utf8mb4 */;
CREATE TABLE `goidichvus` (
  `id` int unsigned NOT NULL AUTO_INCREMENT,
  `name` varchar(255) NOT NULL,
  `gia` varchar(255) NOT NULL,
  `thoigian` varchar(255) NOT NULL,
  `mota` varchar(255) DEFAULT NULL,
  `sapxephang` int DEFAULT NULL,
  `trangthai` int DEFAULT NULL,
  PRIMARY KEY (`id`)
) ENGINE=InnoDB AUTO_INCREMENT=11 DEFAULT CHARSET=utf8mb4 COLLATE=utf8mb4_0900_ai_ci;
/*!40101 SET character_set_client = @saved_cs_client */;

--
-- Dumping data for table `goidichvus`
--

LOCK TABLES `goidichvus` WRITE;
/*!40000 ALTER TABLE `goidichvus` DISABLE KEYS */;
INSERT INTO `goidichvus` VALUES (1,'Gói Cao Cấp','1500000','365','365 ngày xem phim thả ga',3,1),(2,'Gói Phổ Thông','500000','90','90 ngày xem phim không giới hạn',1,1),(9,'Gói Cơ Bản','200000','30','30 ngày xem phim không giới hạn',0,1),(10,'Gói Tiêu Chuẩn','900000','180','180 ngày xem phim không giới hạn',2,1);
/*!40000 ALTER TABLE `goidichvus` ENABLE KEYS */;
UNLOCK TABLES;

--
-- Table structure for table `lichsuphims`
--

DROP TABLE IF EXISTS `lichsuphims`;
/*!40101 SET @saved_cs_client     = @@character_set_client */;
/*!50503 SET character_set_client = utf8mb4 */;
CREATE TABLE `lichsuphims` (
  `id` int NOT NULL AUTO_INCREMENT,
  `user_id` int DEFAULT NULL,
  `phim_id` int DEFAULT NULL,
  `created_at` timestamp NULL DEFAULT NULL,
  `updated_at` timestamp NULL DEFAULT NULL,
  PRIMARY KEY (`id`)
) ENGINE=InnoDB AUTO_INCREMENT=523 DEFAULT CHARSET=utf8mb4 COLLATE=utf8mb4_0900_ai_ci;
/*!40101 SET character_set_client = @saved_cs_client */;

--
-- Dumping data for table `lichsuphims`
--

LOCK TABLES `lichsuphims` WRITE;
/*!40000 ALTER TABLE `lichsuphims` DISABLE KEYS */;
INSERT INTO `lichsuphims` VALUES (35,83,35,NULL,NULL),(36,3,31,NULL,NULL),(37,4,31,NULL,NULL),(41,7,33,NULL,NULL),(42,8,33,NULL,NULL),(43,9,33,NULL,NULL),(46,13,33,'2023-04-19 03:17:22','2023-04-19 03:17:22'),(54,15,34,NULL,NULL),(56,3,34,NULL,NULL),(57,18,31,NULL,NULL),(58,19,31,NULL,NULL),(59,20,31,NULL,NULL),(60,19,31,NULL,NULL),(61,78,33,NULL,NULL),(62,79,33,NULL,NULL),(63,80,33,NULL,NULL),(64,81,34,NULL,NULL),(65,82,31,NULL,NULL),(66,3,35,NULL,NULL),(68,19,35,NULL,NULL),(69,18,35,NULL,NULL),(70,19,35,NULL,NULL),(100,5,36,'2023-04-28 00:57:48','2023-04-28 00:57:48'),(189,2,31,'2023-05-02 03:19:20','2023-05-02 03:19:20'),(190,2,35,'2023-05-02 03:19:41','2023-05-02 03:19:41'),(191,2,34,'2023-05-02 03:22:03','2023-05-02 03:22:03'),(192,2,40,'2023-05-02 03:27:32','2023-05-02 03:27:32'),(193,2,39,'2023-05-02 03:30:46','2023-05-02 03:30:46'),(194,2,42,'2023-05-02 03:30:55','2023-05-02 03:30:55'),(265,2,43,'2023-05-05 07:18:44','2023-05-05 07:18:44'),(266,2,37,'2023-05-05 07:19:07','2023-05-05 07:19:07'),(388,1,35,'2023-05-15 01:42:02','2023-05-15 01:42:02'),(389,12,35,'2023-05-15 02:40:22','2023-05-15 02:40:22'),(390,12,33,'2023-05-15 02:40:29','2023-05-15 02:40:29'),(391,2,44,'2023-05-15 02:41:30','2023-05-15 02:41:30'),(392,1,50,'2023-05-15 02:48:04','2023-05-15 02:48:04'),(404,12,56,'2023-05-15 03:29:12','2023-05-15 03:29:12'),(417,1,40,'2023-05-16 23:51:11','2023-05-16 23:51:11'),(420,1,43,'2023-05-26 23:56:26','2023-05-26 23:56:26'),(422,14,34,'2023-05-29 11:19:59','2023-05-29 11:19:59'),(426,1,55,'2023-06-06 03:53:37','2023-06-06 03:53:37'),(427,1,58,'2023-06-08 02:55:42','2023-06-08 02:55:42'),(428,1,45,'2023-06-08 02:58:20','2023-06-08 02:58:20'),(432,1,44,'2023-06-08 09:13:34','2023-06-08 09:13:34'),(436,16,34,'2023-06-10 06:55:12','2023-06-10 06:55:12'),(437,16,31,'2023-06-10 06:55:49','2023-06-10 06:55:49'),(438,17,37,'2023-06-14 06:12:44','2023-06-14 06:12:44'),(444,17,54,'2023-06-16 06:15:34','2023-06-16 06:15:34'),(446,18,37,'2023-06-18 02:42:47','2023-06-18 02:42:47'),(448,19,37,'2023-06-18 02:50:30','2023-06-18 02:50:30'),(458,1,54,'2023-06-22 05:30:01','2023-06-22 05:30:01'),(463,20,43,'2023-06-23 04:37:10','2023-06-23 04:37:10'),(464,20,37,'2023-06-23 04:41:28','2023-06-23 04:41:28'),(466,5,54,'2023-06-23 18:00:27','2023-06-23 18:00:27'),(468,22,33,'2023-06-25 09:32:40','2023-06-25 09:32:40'),(470,23,37,'2023-06-25 09:44:51','2023-06-25 09:44:51'),(472,24,37,'2023-06-25 09:54:56','2023-06-25 09:54:56'),(473,27,31,'2023-06-25 10:08:59','2023-06-25 10:08:59'),(475,28,65,'2023-06-25 10:13:29','2023-06-25 10:13:29'),(476,28,62,'2023-06-25 10:13:33','2023-06-25 10:13:33'),(477,28,57,'2023-06-25 10:13:37','2023-06-25 10:13:37'),(478,28,56,'2023-06-25 10:13:42','2023-06-25 10:13:42'),(479,28,55,'2023-06-25 10:13:48','2023-06-25 10:13:48'),(480,28,54,'2023-06-25 10:13:53','2023-06-25 10:13:53'),(481,28,42,'2023-06-25 10:14:01','2023-06-25 10:14:01'),(482,29,65,'2023-06-25 10:15:59','2023-06-25 10:15:59'),(483,29,48,'2023-06-25 10:16:37','2023-06-25 10:16:37'),(484,30,48,'2023-06-25 10:18:25','2023-06-25 10:18:25'),(485,30,55,'2023-06-25 10:19:12','2023-06-25 10:19:12'),(486,30,62,'2023-06-25 10:19:30','2023-06-25 10:19:30'),(489,31,56,'2023-06-25 10:22:16','2023-06-25 10:22:16'),(490,31,54,'2023-06-25 10:22:26','2023-06-25 10:22:26'),(491,32,56,'2023-06-25 10:25:23','2023-06-25 10:25:23'),(492,32,55,'2023-06-25 10:25:36','2023-06-25 10:25:36'),(494,32,37,'2023-06-25 10:27:08','2023-06-25 10:27:08'),(496,33,42,'2023-06-25 16:57:58','2023-06-25 16:57:58'),(497,33,57,'2023-06-25 17:00:37','2023-06-25 17:00:37'),(498,34,48,'2023-06-26 01:15:29','2023-06-26 01:15:29'),(499,34,55,'2023-06-26 01:15:58','2023-06-26 01:15:58'),(500,34,56,'2023-06-26 01:25:44','2023-06-26 01:25:44'),(504,35,48,'2023-06-26 03:27:23','2023-06-26 03:27:23'),(506,37,54,'2023-06-26 16:23:00','2023-06-26 16:23:00'),(508,1,48,'2023-06-27 00:14:58','2023-06-27 00:14:58'),(510,1,37,'2023-06-27 00:15:13','2023-06-27 00:15:13'),(512,1,34,'2023-06-27 00:15:30','2023-06-27 00:15:30'),(514,38,48,'2023-06-27 00:50:20','2023-06-27 00:50:20'),(516,1,39,'2023-06-27 01:40:29','2023-06-27 01:40:29'),(520,39,48,'2023-06-27 03:59:41','2023-06-27 03:59:41'),(522,6,43,'2023-07-12 14:20:22','2023-07-12 14:20:22');
/*!40000 ALTER TABLE `lichsuphims` ENABLE KEYS */;
UNLOCK TABLES;

--
-- Table structure for table `migrations`
--

DROP TABLE IF EXISTS `migrations`;
/*!40101 SET @saved_cs_client     = @@character_set_client */;
/*!50503 SET character_set_client = utf8mb4 */;
CREATE TABLE `migrations` (
  `id` int unsigned NOT NULL AUTO_INCREMENT,
  `migration` varchar(255) COLLATE utf8mb4_unicode_ci NOT NULL,
  `batch` int NOT NULL,
  PRIMARY KEY (`id`)
) ENGINE=InnoDB AUTO_INCREMENT=5 DEFAULT CHARSET=utf8mb4 COLLATE=utf8mb4_unicode_ci;
/*!40101 SET character_set_client = @saved_cs_client */;

--
-- Dumping data for table `migrations`
--

LOCK TABLES `migrations` WRITE;
/*!40000 ALTER TABLE `migrations` DISABLE KEYS */;
INSERT INTO `migrations` VALUES (1,'2014_10_12_000000_create_users_table',1),(2,'2014_10_12_100000_create_password_reset_tokens_table',1),(3,'2019_08_19_000000_create_failed_jobs_table',1),(4,'2019_12_14_000001_create_personal_access_tokens_table',1);
/*!40000 ALTER TABLE `migrations` ENABLE KEYS */;
UNLOCK TABLES;

--
-- Table structure for table `password_reset_tokens`
--

DROP TABLE IF EXISTS `password_reset_tokens`;
/*!40101 SET @saved_cs_client     = @@character_set_client */;
/*!50503 SET character_set_client = utf8mb4 */;
CREATE TABLE `password_reset_tokens` (
  `email` varchar(255) COLLATE utf8mb4_unicode_ci NOT NULL,
  `token` varchar(255) COLLATE utf8mb4_unicode_ci NOT NULL,
  `created_at` timestamp NULL DEFAULT NULL,
  PRIMARY KEY (`email`)
) ENGINE=InnoDB DEFAULT CHARSET=utf8mb4 COLLATE=utf8mb4_unicode_ci;
/*!40101 SET character_set_client = @saved_cs_client */;

--
-- Dumping data for table `password_reset_tokens`
--

LOCK TABLES `password_reset_tokens` WRITE;
/*!40000 ALTER TABLE `password_reset_tokens` DISABLE KEYS */;
/*!40000 ALTER TABLE `password_reset_tokens` ENABLE KEYS */;
UNLOCK TABLES;

--
-- Table structure for table `personal_access_tokens`
--

DROP TABLE IF EXISTS `personal_access_tokens`;
/*!40101 SET @saved_cs_client     = @@character_set_client */;
/*!50503 SET character_set_client = utf8mb4 */;
CREATE TABLE `personal_access_tokens` (
  `id` bigint unsigned NOT NULL AUTO_INCREMENT,
  `tokenable_type` varchar(255) COLLATE utf8mb4_unicode_ci NOT NULL,
  `tokenable_id` bigint unsigned NOT NULL,
  `name` varchar(255) COLLATE utf8mb4_unicode_ci NOT NULL,
  `token` varchar(64) COLLATE utf8mb4_unicode_ci NOT NULL,
  `abilities` text COLLATE utf8mb4_unicode_ci,
  `last_used_at` timestamp NULL DEFAULT NULL,
  `expires_at` timestamp NULL DEFAULT NULL,
  `created_at` timestamp NULL DEFAULT NULL,
  `updated_at` timestamp NULL DEFAULT NULL,
  PRIMARY KEY (`id`),
  UNIQUE KEY `personal_access_tokens_token_unique` (`token`),
  KEY `personal_access_tokens_tokenable_type_tokenable_id_index` (`tokenable_type`,`tokenable_id`)
) ENGINE=InnoDB DEFAULT CHARSET=utf8mb4 COLLATE=utf8mb4_unicode_ci;
/*!40101 SET character_set_client = @saved_cs_client */;

--
-- Dumping data for table `personal_access_tokens`
--

LOCK TABLES `personal_access_tokens` WRITE;
/*!40000 ALTER TABLE `personal_access_tokens` DISABLE KEYS */;
/*!40000 ALTER TABLE `personal_access_tokens` ENABLE KEYS */;
UNLOCK TABLES;

--
-- Table structure for table `phim_theloai`
--

DROP TABLE IF EXISTS `phim_theloai`;
/*!40101 SET @saved_cs_client     = @@character_set_client */;
/*!50503 SET character_set_client = utf8mb4 */;
CREATE TABLE `phim_theloai` (
  `id` int NOT NULL AUTO_INCREMENT,
  `phim_id` int DEFAULT NULL,
  `theloai_id` int DEFAULT NULL,
  PRIMARY KEY (`id`)
) ENGINE=InnoDB AUTO_INCREMENT=137 DEFAULT CHARSET=utf8mb4 COLLATE=utf8mb4_0900_ai_ci;
/*!40101 SET character_set_client = @saved_cs_client */;

--
-- Dumping data for table `phim_theloai`
--

LOCK TABLES `phim_theloai` WRITE;
/*!40000 ALTER TABLE `phim_theloai` DISABLE KEYS */;
INSERT INTO `phim_theloai` VALUES (1,37,10),(2,37,14),(3,37,16),(4,36,10),(5,36,12),(6,35,10),(7,35,12),(8,35,16),(9,34,12),(10,34,14),(11,34,16),(12,33,10),(13,37,13),(14,31,10),(15,31,12),(16,31,16),(17,35,14),(18,37,12),(19,31,14),(20,38,12),(21,38,14),(22,38,23),(23,38,28),(24,39,10),(25,39,12),(26,39,30),(27,40,12),(28,40,24),(29,40,29),(30,40,30),(31,41,10),(32,41,12),(33,41,14),(34,41,16),(35,41,31),(36,42,10),(37,42,24),(38,42,26),(39,42,28),(40,43,12),(41,43,13),(42,43,16),(43,43,26),(44,43,28),(46,44,12),(47,44,16),(50,44,31),(51,45,10),(52,45,24),(53,45,26),(54,46,10),(55,46,12),(56,46,25),(57,46,28),(58,46,30),(59,36,20),(60,47,14),(61,47,16),(62,47,30),(63,48,10),(64,48,24),(65,48,26),(66,48,28),(67,49,12),(68,49,24),(69,49,29),(70,50,10),(71,50,13),(72,50,14),(73,50,23),(74,51,14),(75,51,16),(76,51,23),(77,51,26),(78,52,10),(79,52,13),(80,52,28),(81,53,12),(82,53,16),(83,53,30),(84,54,10),(85,54,11),(86,54,12),(87,54,14),(88,54,16),(89,54,32),(90,55,10),(91,55,11),(92,55,12),(93,55,14),(94,55,20),(95,55,32),(96,56,10),(97,56,24),(98,56,26),(99,56,28),(100,56,31),(101,57,10),(102,57,16),(103,57,26),(104,57,28),(105,58,16),(106,58,26),(107,58,28),(108,58,31),(109,58,32),(110,60,10),(111,60,11),(112,60,24),(113,61,22),(114,61,27),(115,61,31),(116,62,10),(117,62,26),(118,62,28),(119,63,12),(120,63,14),(121,63,16),(122,63,31),(123,64,14),(124,64,16),(125,64,20),(126,64,26),(127,65,10),(128,65,24),(129,65,26),(130,66,11),(131,66,14),(132,66,28),(133,67,12),(134,67,16),(135,67,28),(136,44,14);
/*!40000 ALTER TABLE `phim_theloai` ENABLE KEYS */;
UNLOCK TABLES;

--
-- Table structure for table `phims`
--

DROP TABLE IF EXISTS `phims`;
/*!40101 SET @saved_cs_client     = @@character_set_client */;
/*!50503 SET character_set_client = utf8mb4 */;
CREATE TABLE `phims` (
  `id` int NOT NULL AUTO_INCREMENT,
  `tieude` varchar(255) DEFAULT NULL,
  `slug` varchar(255) DEFAULT NULL,
  `mota` longtext,
  `trangthai` int DEFAULT NULL,
  `hinhanh` varchar(255) DEFAULT NULL,
  `danhmuc_id` int DEFAULT NULL,
  `theloai_id` int DEFAULT NULL,
  `quocgia_id` int DEFAULT NULL,
  `chatluong` varchar(45) DEFAULT NULL,
  `namphim` varchar(45) DEFAULT NULL,
  `thoiluong` varchar(45) DEFAULT NULL,
  `sotap` int DEFAULT '1',
  PRIMARY KEY (`id`)
) ENGINE=InnoDB AUTO_INCREMENT=68 DEFAULT CHARSET=utf8mb4 COLLATE=utf8mb4_0900_ai_ci;
/*!40101 SET character_set_client = @saved_cs_client */;

--
-- Dumping data for table `phims`
--

LOCK TABLES `phims` WRITE;
/*!40000 ALTER TABLE `phims` DISABLE KEYS */;
INSERT INTO `phims` VALUES (31,'SÁT THỦ JOHN WICK Là tui dây hehehehe','sat-thu-john-wick-la-tui-day-hehehehe','Khi con trai của gã gangster ăn trộm xe và giết chú chó, John Wick, một người đàn ông gan dạ đã vô cùng đau đớn và tìm đến tận hang ổ của bọn tội phạm để báo thù.',1,'John-Wick-Chapter-42405.jpg',11,12,5,'0','2014','111',1),(33,'TIỆC TRĂNG MÁU','tiec-trang-mau','Trong một buổi họp nhóm của những người bạn thân, một thành viên bất ngờ đề xuất trò chơi chia sẻ điện thoại để thu trang tien luat tăng thêm tinh thần “đoàn kết”.',1,'Tiec_trang_mau_poster8979.jpg',11,10,1,'0','2020','118',1),(34,'Người Sắt','nguoi-sat','Tony Stark. Thiên tài, tỷ phú, playboy, nhà tế học. Con trai của nhà phát minh huyền thoại và nhà thầu vũ khí Howard Stark. Khi Tony Stark được chỉ định để đưa ra một bài thuyết trình vũ khí cho một đơn vị Iraq do Lt. Coll James Rhodes, anh ta đã đưa ra một chuyến đi trên dòng kẻ thù. Đi xe mà kết thúc tồi tệ khi Humvee của Stark rằng anh ta đang cưỡi ngựa bị chiến binh địch tấn công. Anh ta sống sót - hầu như không - với một cái rương đầy đạn và một pin xe gắn liền với trái tim anh ta. Để tồn tại, anh ta xuất hiện với một cách để thu nhỏ pin và số liệu cho thấy pin có thể cung cấp năng lượng cho thứ khác. Do đó người đàn ông sắt được sinh ra. Anh ta sử dụng thiết bị nguyên thủy để thoát khỏi hang động ở Iraq. Khi trở về nhà, sau đó anh bắt đầu làm việc để hoàn thiện bộ đồ của người đàn ông sắt. Nhưng người đàn ông được phụ trách các ngành công nghiệp Stark có kế hoạch của riêng mình để chiếm lĩnh công nghệ của Tony cho các vấn đề khác.',1,'MV5BMTczNTI2ODUwOF5BMl5BanBnXkFtZTcwMTU0NTIzMw@@6736.jpg',11,12,5,'0','2008','126',1),(35,'Taxi Ẩn Danh','taxi-an-danh','hay lắm',1,'taxi-driver-2-448x5608734.jpg',6,12,6,'0','2021','110',16),(36,'TRƯỜNG NGUYỆT TẪN MINH','truong-nguyet-tan-minh','Phim kể về câu chuyện Tam giới dưới sự thống trị tàn bạo của ma thần Đạm Đài Tẫn, chúng linh lầm than. Để cứu lấy chúng sinh, Lê Tô Tô - con gái của Hành Dương tông chưởng môn, đã quyết định thực hiện một nhiệm vụ vô cùng nguy hiểm, quay trở lại thời điểm 500 năm trước ngăn cản Đạm Đài Tẫn trước khi hắn bị tà cốt trong người xâm chiếm hoàn toàn trở thành ma thần. Tại đây, Lê Tô Tô hoá thân thành Diệp gia tiểu thư - Diệp Tịch Vụ. Không ngờ số phận trêu đùa, Đạm Đài Tẫn lại chính là trượng phu trên danh nghĩa của Diệp Tịch Vụ, sau nhiều biến cố, hai người dần dần nãy sinh tình cảm. Rồi sau cùng, Lê Tô Tô đã lấy thân chứng đạo, thay đổi cục diện vận mệnh của Đạm Đài Tẫn và của cả tam giới.\r\n\r\nSau khi mất đi người mình yêu, Đạm Đại Tẫn điên cuồng tìm kiếm nguyên thần của Diệp Tịch Vụ tại U Minh Xuyên suốt 500 năm. Thời điểm tưởng chừng ma thần cứ vậy mà tuẫn táng, Đạm Đài Tẫn lại được Triệu Du - chưởng môn Tiêu Dao tông cứu vớt. Từ đó, Đạm Đài Tẫn trở thành đệ tử tiên môn, hắn sửa đổi tính tình tâm hướng thiện, lại càng chấp niệm tìm lại Lê Tô Tô năm xưa. Ngay tại thời điểm khi hai con người hai số phận nghiệt ngã gương vỡ lại lành tìm được nhau, tà cốt trong người Đạm Đài Tẫn lại dấy lên. Sau cùng, tam giới một lần nữa rơi vào nguy hiểm. Đối mặt với số phận nghiệt ngã hai người yêu nhau trải qua muôn vàn hiểu lầm chồng chất, cuối cùng tâm ý tương thông, một người thành ma, một người thành thần, xoay chuyển càn khôn ngăn cản diệt thế.',1,'bach-loc-dai-bao-voi-truong-nguyet-tan-minh-58087.jpg',6,10,9,'0','2023','54',24),(37,'AVATAR','avatar','Khi anh trai mình bị giết trong một vụ cướp, Paraplegic Marine Jake Sully quyết định thực hiện vị trí của mình trong một nhiệm vụ trên thế giới xa xôi của Pandora. Ở đó, anh ta biết về những ý định của Parker Corporate của Parker Selfridge về việc lái xe \"Na\'vi\" bản địa \"Na\'vi\" để khai thác vật liệu quý giá rải rác trong suốt rừng giàu của họ. Để đổi lấy phẫu thuật cột sống sẽ khắc phục chân, Jake tập hợp kiến thức, của chủng tộc bản địa và văn hóa của họ, đối với đơn vị quân sự hợp tác đã dẫn đầu bởi Gung-ho Đại tá Coloritch, đồng thời cố gắng xâm nhập vào người Na\'vi sử dụng của một bản sắc \"avatar\". Trong khi Jake bắt đầu gắn kết với bộ lạc bản địa và nhanh chóng yêu Alien Neytiri, Đại tá bồn chồn tiến về phía trước với các chiến thuật hủy diệt tàn nhẫn của mình, buộc người lính phải đứng vững - và chiến đấu trở lại trong một trận chiến hoành tráng cho số phận của Pandora.',1,'p_disneymovies_avatarthewayofwater_1710_b7d39b032387.jpeg',11,10,1,'0','2009','180',1),(38,'CƯỚP BIỂN VÙNG CARIBBE (PHẦN 1): LỜI NGUYỀN CỦA TÀU NGỌC TRAI ĐEN','cuop-bien-vung-caribbe-phan-1-loi-nguyen-cua-tau-ngoc-trai-den','Khi chiếc thuyền của gia đình cô bé Elizabeth đi qua vùng biển Caribe nhiều cướp biển họ đã cứu được cậu bé Will Turner. Cả gia đình Elizabeth không hề biết rằng Will là con trai của tên trùm cướp biển khét tiếng William Turner. Nhiều năm sau mọi chuyện dần dần được hé lộ khi Elizabeth bị ngã xuống biển do do một tai nạn và được thuyền trưởng Jack Sparrow cứu thoát. Khởi đầu cho loạt phim Pirates of the Caribbean đinh đám The Curse of the Black Pearl đã thực sự mang tới những điều hoàn toàn mới mẻ từ nội dung tới cách thể hiện. Sự hài hước trong diễn xuất của Johnny Depp đã mang tới hình ảnh mới về cướp biển, qua sự thể hiện của Johnny khán giả thấy cướp biển không chỉ là cướp bóc mà còn có hài hước nữa. The Curse of the Black Pearl nhận được đánh giá cao cả về nghệ thuật cũng như doanh thu.',1,'Pirates_3_AWE_Poster_International8507.jpg',11,NULL,5,'0','2003','143',1),(39,'NEW WORLD','new-world','Là tổ chức tội phạm lớn nhất của Hàn Quốc \'Goldmoon\' mở rộng quyền hạn của mình, Kang, Trưởng phòng Kế hoạch điều tra cảnh sát, đặt hàng COP JA-SEOUNG của Undercover để tham gia dự án \"Thế giới mới\", điều đó sẽ hạ gục \'Goldmoon\'. Ja-Seong phải chọn theo đơn đặt hàng của Kang như một cảnh sát hoặc giữ trung thành với Jeong Cheong, ông chủ của Tổ chức tội phạm \'Goldmoon\'.',1,'images6641.jfif',11,NULL,6,'1','2013','120',1),(40,'TRÙM, CỚM VÀ ÁC QUỶ','trum-com-va-ac-quy','Sau đó hầu như không còn sống sót một cuộc tấn công bạo lực của một kẻ giết người nối tiếp khó nắm bắt, ông chủ tội phạm Jang Dong-su (Don Lee) thấy mình hình thành một sự hợp tác không thể xảy ra với thám tử địa phương Jung Tae-Seok (Kim Moo Yul) để bắt kẻ giết người tàn bạo chỉ đơn giản là \"K \".',1,'tải xuống2464.jfif',11,NULL,6,'1','2019','180',1),(41,'SIÊU NHỆN TÁI XUẤT 2 - NGƯỜI NHỆN SIÊU ĐẲNG 2: SỰ TRỖI DẬY CỦA NGƯỜI ĐIỆN','sieu-nhen-tai-xuat-2-nguoi-nhen-sieu-dang-2-su-troi-day-cua-nguoi-dien','Siêu Nhện Tái Xuất 2 - Người Nhện Siêu Đẳng 2: Sự Trỗi Dậy Của Người Điện -The Amazing Spider-man 2 là một bộ phim siêu anh hùng của đạo diễn Marc Webb. Chúng ta luôn biết rằng trận chiến quan trọng nhất của Người Nhện đã định sẵn trong người anh: Cuộc chiến giữa những nghĩa vụ của Peter Parker và trách nhiệm của một Spiderman. Thật tuyệt vời khi là một Spiderman. Peter Parker không đánh đu giữa những tòa nhà chọc trời, không phải là một anh hùng, chỉ dành thời gian cho cô bạn gái Gwen. Nhưng với một Spiderman thì lại khác. Giá trị của Spderman là bảo vệ những công dân New York từ những thế lực đen tối và tàn bạo. Với sự xuất hiện của Người Điện, Peter phải đối đầu với một kẻ thủ mạnh hơn mình. Sự trở lại của một người bạn cũ, Harry Osborn khiến Peter nhận ra rằng tất cả những kẻ thù chung của mình có một điểm chung: Oscorp!',1,'tải xuống (1)2502.jfif',11,NULL,5,'1','2014','143',1),(42,'BỐ GIÀ','bo-gia','Câu chuyện về Ba Sang - con thứ hai trong 4 anh em ồn ào: Giàu, Sang, Phú, Quý. Ba Sang là một người ga lăng, “quá” tốt bụng và luôn hy sinh vì tình cảm người khác dù họ có muốn hay không. Quân - Ba Sang’s trấn thành tuấn trần son là một Youtuber trẻ hiện đại.',1,'tải xuống6500.jfif',11,NULL,1,'0','2021','128',1),(43,'TOM VÀ JERRY: QUÁ NHANH QUÁ NGUY HIỂM','tom-va-jerry-qua-nhanh-qua-nguy-hiem','Sau khi bị chủ nhân của Tom đuổi khỏi ngôi nhà cũ vì gây thiệt hại lớn, mèo và chuột Tom và Jerry tham gia cuộc đua mang tên \"Cuộc đua siêu hạng\" để giành lấy một dinh thự.',1,'tải xuống (2)5512.jfif',11,NULL,5,'0','2005','75',1),(44,'QUÁ NHANH QUÁ NGUY HIỂM: HOBBS VÀ SHAW','qua-nhanh-qua-nguy-hiem-hobbs-va-shaw','Lawman Luke Hobbs (Dwayne \"The Rock\" Johnson) và Outcast Deckard Shaw (Jason Statham) tạo thành một liên minh không thể xảy ra khi một nhân vật phản diện nâng cao về mạng, đe dọa tương lai của loài người.',1,'tải xuống (3)6805.jfif',11,NULL,5,'0','2019','137',1),(45,'GÁI GIÀ LẮM CHIÊU V - NHỮNG CUỘC ĐỜI VƯƠNG GIẢ','gai-gia-lam-chieu-v-nhung-cuoc-doi-vuong-gia','Căng thẳng leo thang và những bí mật giấu kín được lật mở cho ba chị em vương giả khi một báu vật của gia đình bị đánh cắp vào đêm trước cuộc đấu giá đồ cổ.',1,'13265504-7d8b-11eb-b115-0242ac1100072691.jfif',11,NULL,1,'0','2021','116',1),(46,'ĐỘI BÓNG THIẾU LÂM','doi-bong-thieu-lam','Vì bán rẻ tài năng mà Thiết Cước, cầu thủ danh tiếng một thời, trở thành lão huấn luyện viên nát rượu. Ông gặp Tinh, chàng võ sư muốn truyền bá kungfu ra toàn thế giới. Cả hai bắt tay lập đội bóng và kêu gọi các huynh đệ Thiếu lâm xưa gia nhập. Đội bóng kỳ lạ bắt đầu gia nhập làng túc cầu.',1,'Doi-Bong-Thieu-Lam-Shaolin-Soccer-20018511.jpg',11,NULL,9,'0','2001','113',1),(47,'Nặc Danh','nac-danh','Anonymous là bộ phim dựng lên với một giả thuyết khiến mọi người phải thay đổi hẳn cách nhìn về Shakespeare: chính Edward De Vere, bá tước vùng Oxford là người đã viết lên những vở kịch dưới bút danh Shakespeare còn William Shakespeare chỉ là kẻ lợi dụng cơ hội và một người đứng ra làm bia cho bá tước Edward trong những vở kịch đầy tính chính trị của mình.',1,'nac-danh-thumb6525.jpg',11,NULL,5,'0','2011','113',1),(48,'BÁC SĨ CHA','bac-si-cha','Hai mươi năm sau khi rời bỏ nghề y, một bà nội trợ trở lại với tư cách là bác sĩ nội trú năm nhất và chật tình cảm vật tìm chỗ đứng trong một công việc đầy những bất ngờ.',1,'doctor-cha-01-16562747.jpg',6,NULL,6,'0','2023','62',16),(49,'KẺ TRỰC ĐÊM','ke-truc-dem','Bart Bromley là một thư ký đêm rất thông minh với hội chứng Asperger. Khi một người phụ nữ bị sát hại trong ca làm việc, Bart trở thành nghi ngờ chính. Khi cuộc điều tra của cảnh sát đóng cửa, Bart tạo mối liên hệ cá nhân với một vị khách xinh đẹp có tên Andrea, nhưng sớm nhận ra rằng anh ta phải ngăn chặn kẻ giết người thực sự trước Andrea trở thành nạn nhân tiếp theo.',1,'poster_ktd_1_1_9761.jpg',11,NULL,5,'0','2020','90',1),(50,'BÍ KÍP LUYỆN RỒNG: VÙNG ĐẤT BÍ ẨN','bi-kip-luyen-rong-vung-dat-bi-an','Khi hiccup phát hiện ra không răng không phải là cơn giận dữ duy nhất, anh ta phải tìm kiếm \"Thế giới ẩn\", một con rồng bí mật trước khi một Tyrant được thuê tên Grimmel tìm thấy nó trước.',1,'nhung-su-that-thu-vi-ve-bo-phim-bi-kip-luyen-rong-vung-dat-bi-an-dam-bao-fan-thich-me-mai-22966963366.jpg',11,NULL,5,'0','2019','90',1),(51,'HARRY POTTER VÀ HOÀNG TỬ LAI','harry-potter-va-hoang-tu-lai','Năm học thứ sáu của Harry Potter ở Hogwarts hóa ra lại là một năm đầy thú vị. Điều thú vị đầu tiên là việc chào đón một giáo sư mới tại Hogwarts, thầy Horace Slughorn, người dạy cho Harry nhiều điều thú vị trong môn độc dược của thầy Snape hắc ám. Thầy Slughorn còn cho Harry mượn đồ dùng của trường học, và trong số đó có một quyển sách cũ nát thuộc về chủ nhân tên là Hoàng Tử Lai. Quyển sách có nhiều ghi chú nguệch ngoạc ở lề mỗi trang giấy, và đây lại là người khuyên giúp Harry có thể tiến bộ trong pháp thuật của mình. Cũng trong năm học này, thầy Dumbledore mở một lớp học riêng cho Harry. Ở đó, thầy cho Harry xem những kí ức về những bí mật đen tối của quá khứ Voldermort, với hy vọng rằng Harry có thể lợi dụng những điểm yểu của Voldermort để đánh bại hắn trong trận chiến cuối cùng. Draco Malfoy, kẻ thù không đội trời chung của Harry, có nhiều hành động khả nghi, luôn lén lút đi khắp trường. Vì thế, Harry cho rằng Draco là nội gián của Voldermort và quyết tâm tìm hiểu chính xác chuyện gì đang xảy ra. Nhưng giữa những nguy hiểm cận kề của chúa tể hắc ám, những học sinh của trường Hogwarts vẫn có cuộc sống thường nhật: bận rộn với việc học, cũng như các trận cầu Quidditch và đương nhiên là tình yêu đầu đời của tuổi mới lớn.\r\nRon có cô bạn gái mới, Lavender Brown, và Hermione thì hoàn toàn không vui vẻ gì về chuyện này. Tình bạn giữa họ lại rục rặc và như mọi lần, Harry lại là người đứng giữa. Trong lúc đó, Harry cũng đang đối mặt với những lo lắng của mình khi cậu nhận thấy mình đang thầm thương trộm nhớ em gái của cậu bạn thân nhất, Ginny Weasly, người đang hẹn hò với bạn cùng lớp của Harry, Dean Thomas. Thế lực của Voldermort ngày càng lớn mạnh, cuộc chiến chống lại thế lực hắc ám ngày càng đến gần làm cho bộ phim càng kịch tính hơn. Đã bắt đầu có những hy sinh mất mát …',1,'harry_potter_va_hoang_tu_lai__j_k_rowling3744.jpg',11,NULL,5,'0','2009','94',1),(52,'ẤU TRÙNG','au-trung','Gia đình ấu trùng có thêm thành viên! Khi Đỏ và Vàng đón chào một bé sâu bướm vào cuộc sống của họ, cả hai có khóa học cấp tốc về cách nuôi dạy con và đủ thứ bốc mùi.',1,'poster-gia-dinh-au-trung-20236408.webp',6,NULL,6,'0','2023','19',9),(53,'DỊ NHÂN THẾ HỆ MỚI','di-nhan-the-he-moi','Sau một trải nghiệm cận tử trong một cơn lốc xoáy kỳ lạ, Danielle Moonstar Awakens trong một cơ sở nghiên cứu bị bỏ hoang được điều hành bởi Tiến sĩ Cecilia Reyes bí ẩn. Ở đó, Tiến sĩ Reyes giới thiệu Dani đến bốn thanh thiếu niên không phổ biến như nhau: Illyana Rasputin, Rahne Sinclair, Sam Guthrie và Roberto da Costa, người muốn giữ cho họ an toàn và âm thanh cho đến khi họ học cách kiểm soát hoàn toàn khả năng phi thường của họ. Tuy nhiên, mặc dù nhóm các tù nhân bị chấn thương đặc biệt tin rằng họ đang bị đối xử và chăm sóc, trước đó, tất cả đều bắt đầu trải qua ảo giác kinh khủng. Nhưng, tổ chức này được cho là một nơi an toàn. Họ là bệnh nhân hay tù nhân?',1,'tnm_poster_shadow_1_1_7277.jpg',11,NULL,5,'0','2020','90',1),(54,'BẠN TRAI TÔI LÀ HỒ LY','ban-trai-toi-la-ho-ly','Nhà sản xuất truyền hình khám phá ra một thế giới siêu nhiên bí mật khi cô rơi vào mối quan hệ cùng một cựu thần – người đã dành hàng thế kỷ để đi tìm người yêu thất lạc.',1,'bgc19kn8_660x946-bantraitoilaholy5963.jpg',6,NULL,6,'0','2020','65',16),(55,'BẠN TRAI TÔI LÀ HỒ LY 2','ban-trai-toi-la-ho-ly-2','Nhờ sự hy sinh của Rang, Yeon đã trở thành người và có một kết thúc có hậu với Ji-ah. Tuy nhiên, anh đến thăm Văn phòng Nhập cư Thế giới bên kia sau khi biết rằng người anh trai tội lỗi của mình là Rang không thể tái sinh. Ở đó, Yeon lập một hợp đồng bất công để phục vụ một lần nữa cho tái sinh của Rang. Do đó, Yeon trở lại với hình dạng một con cáo chín đuôi và thậm chí rơi xuống đất vào năm 1938. Trong khi thực hiện nhiệm vụ của mình, anh gặp Rang trẻ tuổi, người sống lại nhưng là kẻ thù, giống như mối quan hệ của họ khi đó.',1,'tải xuống6986.jfif',6,NULL,6,'0','2023','70',16),(56,'NHỮNG BÁC SĨ TÀI HOA','nhung-bac-si-tai-hoa','Năm bác sĩ – là những người bạn từ thời còn ở trường y – cùng tái hợp ở một bệnh viện với tư cách là đồng nghiệp tình cảm trong mảng tình cảm khách hàng VIP.',1,'Những_bác_sĩ_tài_hoa_poster3163.jpg',6,NULL,6,'0','2020','95',24),(57,'NAM THẦN XE ÔM','nam-than-xe-om','Giả làm nhân viên ngân hàng với gia đình, một tài xế xe ôm nhanh nhẹn phải vật lộn để duy trì màn kịch đó khi tình cờ gặp lại người anh thầm thích hồi nhỏ.',1,'Nam_thần_xe_ôm_poster5351.jpg',11,NULL,4,'0','2018','110',1),(58,'NGỤC TỐI & RỒNG: DANH DỰ CỦA KẺ TRỘM 123','nguc-toi-rong-danh-du-cua-ke-trom-123','Theo chân một tên trộm quyến rũ và một nhóm những kẻ bịp bợm nghiệp dư thực hiện vụ trộm sử thi nhằm lấy lại một di vật đã mất, nhưng mọi thứ trở nên nguy hiểm khó lường hơn bao giờ hết khi họ đã chạm trán nhầm người. Ngục Tối Và Rồng: Danh Dự Của Kẻ Trộm mang thế giới huyền ảo của trò chơi nhập vai huyền thoại lên màn ảnh rộng bằng một cuộc phiêu lưu tràn ngập các màn hành động đã mắt cùng màu sắc hài hước, vui nhộn.',1,'700x1000___2939.jpg',11,NULL,5,'0','2023','134',1),(61,'VUA NHÂN BẢN','vua-nhan-ban','Từ nghiên cứu nhân bản người mang tính đột phá đến màn sụp đổ tai tiếng, bộ phim tài liệu này kể câu chuyện ly kỳ về nhà khoa học khét tiếng nhất Hàn Quốc.',1,'tải xuống (4)4836.jfif',3,NULL,5,'0','2023','86',1),(62,'PHÁT HIỆN HOÀN HẢO','phat-hien-hoan-hao','Màn tái xuất sự nghiệp của biên tập viên thời trang vấp phải trở ngại khi cô biết rằng chàng trai lạ mặt tình cảm, quyến rũ cô hôn ở một bữa tiệc là đồng nghiệp mới kiêm con trai của sếp.',1,'tải xuống (5)6453.jfif',3,NULL,5,'0','2023','98',1),(63,'FLASH','flash','Câu chuyện của Flash bắt đầu khi Barry Allen (Ezra Miller thủ vai) sử dụng siêu năng lực của mình để du hành thời gian nhằm thay đổi những sự kiện trong quá khứ. Nhưng khi nỗ lực cứu lấy gia đình mình vô tình thay đổi tương lai, Barry bị kẹt lại trong một thực tại, nơi tướng Zod tái xuất và đe dọa hủy diệt tất cả, nhưng không có bất cứ siêu anh hùng nào đứng ra giải cứu… Trừ khi Barry có thể thuyết phục một Batman rất khác và giải cứu một cư dân Kryptonian đang bị cầm tù… dẫu có thể đó không phải người mà anh thực sự tìm kiếm. Để giải cứu thế giới hiện tại cũng như trở lại tương lai mình từng biết, niềm hy vọng duy nhất của Barry là phải chạy đua vì cuộc đời mình. Vậy nhưng, sự hy sinh tuyệt đối đó có là đủ để đưa thế giới về lại như ban đầu?',1,'tải xuống (6)7878.jfif',3,NULL,5,'0','2023','144',1),(64,'VƯƠNG QUỐC BÍ MẬT','vuong-quoc-bi-mat','Chuyến đi của Verity và Peter đến ngôi biệt thự cũ của gia đình rẽ sang hướng khác khi sàn phòng của họ đột nhiên nhường chỗ và họ rơi vào một căn phòng dưới lòng đất, nơi họ gặp một nền văn minh sinh vật. Người lãnh đạo nói với họ rằng sự xuất hiện của Peter đã được báo trước vì anh ta là người có thể sử dụng Đồng hồ lớn của Thành cổ để khởi động lại thời gian và tiêu diệt Tấm vải liệm, một sinh vật độc ác tự nuôi dưỡng nỗi sợ hãi',1,'tải xuống (7)8736.jfif',3,NULL,5,'0','2023','98',1),(65,'CHUYẾN ĐI ĐÁNG NHỚ','chuyen-di-dang-nho','Một phụ nữ Singapore góa chồng tuổi trung niên tên là Dì đã dành phần lớn cuộc đời để chu cấp cho gia đình. Khi cậu con trai Sam trưởng thành của cô ấy trở nên độc lập hơn, cô ấy phải đối mặt với một danh tính hoàn toàn mới bên ngoài vai trò là một người con gái, người vợ và người mẹ. Kỳ nghỉ một mình đến Hàn Quốc biến thành một cuộc phiêu lưu hoang dã khi cô gặp Jung Su, một nhân viên an ninh lớn tuổi và Kwon-Woo, một hướng dẫn viên du lịch tuổi teen dường như không thể hòa hợp với cuộc sống của mình. Bộ ba bắt tay vào một chuyến đi tàu lượn siêu tốc bất ngờ, nơi những trái tim rung động và những mối liên kết không tưởng được hình thành. tình cảm',1,'tải xuống (9)4952.jfif',3,NULL,6,'0','2022','90',1),(66,'ỐI! CÓ MA','oi-co-ma','Được ban cho sức mạnh đặc biệt, Tae Min gặp một con ma ham vui tại phim trường. Cùng nhau, họ phải phá giải bí ẩn đằng sau hàng loạt sự kiện ma quái.',1,'oi-co-ma-oh-my-ghost-2022_1-279x400228.jpg',3,NULL,6,'0','2022','98',1),(67,'ÔNG TRÙM MÔNG MÁ','ong-trum-mong-ma','Ông TRÙM Dae-guk (MA DONG-SEOK) điều hành khu phố trong lòng Seoul với khả năng đàm phán tuyệt hảo và một ước mơ mở một Trung Tâm Thẩm Mỹ khổng lồ cùng với Ji-woo (JUNG KYUNG-HO) - một tay bác sĩ thẩm mỹ nổi tiếng nhưng mất giấy phép hành nghề.',1,'tải xuống (10)3163.jfif',3,NULL,6,'0','2022','112',1);
/*!40000 ALTER TABLE `phims` ENABLE KEYS */;
UNLOCK TABLES;

--
-- Table structure for table `quocgias`
--

DROP TABLE IF EXISTS `quocgias`;
/*!40101 SET @saved_cs_client     = @@character_set_client */;
/*!50503 SET character_set_client = utf8mb4 */;
CREATE TABLE `quocgias` (
  `id` int NOT NULL AUTO_INCREMENT,
  `tieude` varchar(255) DEFAULT NULL,
  `mota` varchar(255) DEFAULT NULL,
  `trangthai` int DEFAULT NULL,
  `slug` varchar(255) DEFAULT NULL,
  `sapxephang` int DEFAULT NULL,
  PRIMARY KEY (`id`)
) ENGINE=InnoDB AUTO_INCREMENT=13 DEFAULT CHARSET=utf8mb4 COLLATE=utf8mb4_0900_ai_ci;
/*!40101 SET character_set_client = @saved_cs_client */;

--
-- Dumping data for table `quocgias`
--

LOCK TABLES `quocgias` WRITE;
/*!40000 ALTER TABLE `quocgias` DISABLE KEYS */;
INSERT INTO `quocgias` VALUES (1,'Việt Nam','dasdas',1,'viet-nam',0),(4,'Thái Lan','asd',1,'thai-lan',1),(5,'Mỹ','Phim Mỹ cập nhật hằng ngày',1,'my',1),(6,'Hàn Quốc','Cập nhật hằng ngày',1,'han-quoc',3),(7,'Nhật Bản','Cập nhật hằng ngày',1,'nhat-ban',2),(8,'Đài Loan','Cập nhật hằng ngày',1,'dai-loan',0),(9,'Hồng Kong','Cập nhật hằng ngày',1,'hong-kong',4),(11,'Pháp','Cập nhật hằng ngày',1,'phap',NULL);
/*!40000 ALTER TABLE `quocgias` ENABLE KEYS */;
UNLOCK TABLES;

--
-- Table structure for table `tapphims`
--

DROP TABLE IF EXISTS `tapphims`;
/*!40101 SET @saved_cs_client     = @@character_set_client */;
/*!50503 SET character_set_client = utf8mb4 */;
CREATE TABLE `tapphims` (
  `id` int NOT NULL AUTO_INCREMENT,
  `phim_id` int DEFAULT NULL,
  `linkphim` varchar(255) DEFAULT NULL,
  `tap` int DEFAULT NULL,
  PRIMARY KEY (`id`)
) ENGINE=InnoDB AUTO_INCREMENT=71 DEFAULT CHARSET=utf8mb4 COLLATE=utf8mb4_0900_ai_ci;
/*!40101 SET character_set_client = @saved_cs_client */;

--
-- Dumping data for table `tapphims`
--

LOCK TABLES `tapphims` WRITE;
/*!40000 ALTER TABLE `tapphims` DISABLE KEYS */;
INSERT INTO `tapphims` VALUES (18,33,'https://kd.opstream3.com/20220624/15423_ae4f7fcd/index.m3u8',1),(19,34,'https://1080.hdphimonline.com/20220315/2043_1b0edafb/index.m3u8',1),(22,36,'https://hd.hdbophim.com/20230406/33683_865bb58e/index.m3u8',1),(24,36,'https://hd.hdbophim.com/20230406/33685_c23fdd6c/index.m3u8',3),(25,36,'https://hd.hdbophim.com/20230406/33686_dba5022f/index.m3u8',4),(26,36,'https://hd.hdbophim.com/20230406/33684_128957db/index.m3u8',2),(27,35,'https://kd.hd-bophim.com/20230220/32435_4bdc19fa/index.m3u8',1),(28,35,'https://kd.hd-bophim.com/20230220/32436_138ea1e4/index.m3u8',2),(29,31,'https://aa.nguonphimmoi.com/20220217/230_2a856e0f/index.m3u8',1),(30,37,'https://1080.hdphimonline.com/20220315/2006_34a62fd9/index.m3u8',1),(31,38,'https://1080.hdphimonline.com/20220311/1504_83bba2cd/index.m3u8',1),(32,39,'https://aa.nguonphimmoi.com/20220319/4339_51ed0113/index.m3u8',1),(33,40,'https://aa.nguonphimmoi.com/20220319/4372_eb945297/index.m3u8',1),(34,41,'https://kd.hd-bophim.com/20220411/7146_831de32e/index.m3u8',1),(35,42,'https://kd.hd-bophim.com/20220624/15426_a83d4662/index.m3u8',1),(36,43,'https://1080.hdphimonline.com/20230110/41343_c4e53d8e/index.m3u8',1),(37,44,'https://vie.opstream1.com/20230525/27366_350a5594/index.m3u8',1),(38,45,'https://hdbo.opstream5.com/20220303/451_412d0891/index.m3u8',1),(39,46,'https://hd1080.opstream2.com/20220415/4050_f76b7164/index.m3u8',1),(41,48,'https://hd1080.opstream2.com/20230415/37877_fb6b2324/index.m3u8',1),(42,48,'https://kd.opstream3.com/20230417/35506_06472387/index.m3u8',2),(43,48,'https://kd.opstream3.com/20230423/35750_1803a85b/index.m3u8',3),(44,48,'https://kd.opstream3.com/20230430/35971_18471e2b/index.m3u8',4),(45,49,'https://kd.opstream3.com/20220320/1905_a98a6b02/index.m3u8',1),(46,50,'https://aa.opstream6.com/20220320/4398_f9dff733/index.m3u8',1),(47,51,'https://1080.opstream4.com/20220311/1514_2ed491f8/index.m3u8',1),(48,52,'https://hd1080.opstream2.com/20230504/38698_85e78fcc/index.m3u8',1),(49,52,'https://hd1080.opstream2.com/20230504/38699_774253f2/index.m3u8',2),(50,52,'https://hd1080.opstream2.com/20230504/38700_dd7ebd4f/index.m3u8',3),(51,53,'https://aa.opstream6.com/20220320/4402_f1f3a838/index.m3u8',1),(52,54,'https://hdbo.opstream5.com/20230303/32499_ad74658f/index.m3u8',1),(53,54,'https://hdbo.opstream5.com/20230303/32500_0910dedb/index.m3u8',2),(54,54,'https://hdbo.opstream5.com/20230303/32501_fed909f4/index.m3u8',3),(55,55,'https://hdbo.opstream5.com/20230506/34550_c805e7d6/index.m3u8',1),(56,55,'https://kd.opstream3.com/20230507/36235_c5cbaa58/index.m3u8',2),(57,55,'https://kd.opstream3.com/20230513/36430_c049b022/index.m3u8',3),(58,55,'https://kd.opstream3.com/20230515/36460_88ce2948/index.m3u8',4),(59,56,'https://hdbo.opstream5.com/20221215/27277_0a2f1116/index.m3u8',1),(60,56,'https://hdbo.opstream5.com/20221215/27278_defee2ee/index.m3u8',2),(61,57,'https://aa.opstream6.com/20220312/3073_3148b665/index.m3u8',1),(62,58,'https://hd1080.opstream2.com/20230502/38601_0863f653/index.m3u8',1),(64,61,'https://1080.opstream4.com/20230623/45209_90c11dde/index.m3u8',1),(65,62,'https://1080.opstream4.com/20230623/45206_14931860/index.m3u8',1),(66,63,'https://vie2.opstream7.com/20230618/139_d9300685/index.m3u8',1),(67,64,'https://1080.opstream4.com/20230614/44732_5b8af743/index.m3u8',1),(68,65,'https://1080.opstream4.com/20230501/43327_9901fee0/index.m3u8',1),(69,66,'https://1080.opstream4.com/20230430/43325_7f633ff4/index.m3u8',1),(70,67,'https://kd.opstream3.com/20230313/33667_9dee9adb/index.m3u8',1);
/*!40000 ALTER TABLE `tapphims` ENABLE KEYS */;
UNLOCK TABLES;

--
-- Table structure for table `theloais`
--

DROP TABLE IF EXISTS `theloais`;
/*!40101 SET @saved_cs_client     = @@character_set_client */;
/*!50503 SET character_set_client = utf8mb4 */;
CREATE TABLE `theloais` (
  `id` int NOT NULL AUTO_INCREMENT,
  `tieude` varchar(255) DEFAULT NULL,
  `mota` varchar(255) DEFAULT NULL,
  `trangthai` int DEFAULT NULL,
  `slug` varchar(255) DEFAULT NULL,
  `sapxephang` int DEFAULT NULL,
  PRIMARY KEY (`id`)
) ENGINE=InnoDB AUTO_INCREMENT=35 DEFAULT CHARSET=utf8mb4 COLLATE=utf8mb4_0900_ai_ci;
/*!40101 SET character_set_client = @saved_cs_client */;

--
-- Dumping data for table `theloais`
--

LOCK TABLES `theloais` WRITE;
/*!40000 ALTER TABLE `theloais` DISABLE KEYS */;
INSERT INTO `theloais` VALUES (10,'Tình cảm','asd',1,'tinh-cam',2),(11,'Kinh dị','khinh dị lắm luôn',1,'kinh-di',3),(12,'Hành động','Phim hành động cập nhật hằng ngày',1,'hanh-dong',4),(13,'Hoạt hình','Phim hoạt hình cập nhật hằng ngày',1,'hoat-hinh',1),(14,'Viễn Tưởng','Cập nhật hằng ngày',1,'vien-tuong',0),(15,'Âm nhạc','Cập nhật hằng ngày',1,'am-nhac',6),(16,'Phiêu Lưu','Cập nhật hằng ngày',1,'phieu-luu',7),(20,'Cổ Trang','Cập nhật hằng ngày',1,'co-trang',NULL),(21,'Chiến Tranh','Cập nhật hằng ngày',1,'chien-tranh',NULL),(22,'Tài Liệu','Cập nhật hằng ngày',1,'tai-lieu',NULL),(23,'Bí Ẩn','Cập nhật hằng ngày',1,'bi-an',NULL),(24,'Tâm Lý','Cập nhật hằng ngày',1,'tam-ly',NULL),(25,'Thể Thao','Cập nhật hằng ngày',1,'the-thao',NULL),(26,'Gia Đình','Cập nhật hằng ngày',1,'gia-dinh',NULL),(27,'Học Đường','Cập nhật hằng ngày',1,'hoc-duong',NULL),(28,'Hài Hước','Cập nhật hằng ngày',1,'hai-huoc',NULL),(29,'Hình Sự','Cập nhật hằng ngày',1,'hinh-su',NULL),(30,'Võ Thuật','Cập nhật hằng ngày',1,'vo-thuat',NULL),(31,'Khoa Học','Cập nhật hằng ngày',1,'khoa-hoc',NULL),(32,'Thần Thoại','Cập nhật hằng ngày',1,'than-thoai',NULL);
/*!40000 ALTER TABLE `theloais` ENABLE KEYS */;
UNLOCK TABLES;

--
-- Table structure for table `tientrinhxemphims`
--

DROP TABLE IF EXISTS `tientrinhxemphims`;
/*!40101 SET @saved_cs_client     = @@character_set_client */;
/*!50503 SET character_set_client = utf8mb4 */;
CREATE TABLE `tientrinhxemphims` (
  `id` int NOT NULL AUTO_INCREMENT,
  `user_id` int DEFAULT NULL,
  `tapphim_id` int DEFAULT NULL,
  `thoigian` float DEFAULT NULL,
  PRIMARY KEY (`id`)
) ENGINE=InnoDB AUTO_INCREMENT=67 DEFAULT CHARSET=utf8mb4 COLLATE=utf8mb4_0900_ai_ci;
/*!40101 SET character_set_client = @saved_cs_client */;

--
-- Dumping data for table `tientrinhxemphims`
--

LOCK TABLES `tientrinhxemphims` WRITE;
/*!40000 ALTER TABLE `tientrinhxemphims` DISABLE KEYS */;
INSERT INTO `tientrinhxemphims` VALUES (1,1,27,0),(2,1,30,4884.28),(3,1,18,0),(4,2,30,10362.6),(5,2,36,1104.9),(6,1,37,40.2476),(7,1,28,1844.12),(8,1,38,29.9474),(9,1,40,0),(10,1,22,980.424),(11,1,24,0),(12,1,35,0),(13,1,19,5512.32),(14,1,34,0),(15,1,32,7918.57),(16,12,29,2976.61),(17,1,29,0),(18,1,36,3652.52),(19,12,59,1968.45),(20,12,60,4503.79),(21,6,36,1986.89),(22,1,62,229.889),(23,1,55,2313.77),(24,1,56,4142.46),(25,1,33,875.524),(26,14,19,0),(27,1,63,6586.37),(28,16,29,2595.92),(29,16,19,2842.51),(30,17,30,0),(31,1,52,1247.27),(32,17,52,29.4462),(33,18,30,1663.73),(34,19,30,3392.32),(35,1,54,1486.29),(36,20,30,7647.96),(37,20,36,6.57854),(38,5,52,0),(39,22,18,2055.19),(40,23,30,3502.53),(41,24,30,2732.14),(42,27,29,1504.5),(43,28,61,1827.59),(44,28,55,0),(45,28,52,0),(46,28,35,0),(47,29,68,1802.81),(48,29,41,0),(49,30,41,993.387),(50,30,55,0),(51,30,65,0),(52,31,59,0),(53,31,52,2802.65),(54,32,59,2017.91),(55,32,55,1751.42),(56,32,30,3807.07),(57,33,35,2949.93),(58,33,61,0),(59,34,41,1507.82),(60,34,55,0),(61,34,59,2301.37),(62,35,41,1192.06),(63,37,52,1781.82),(64,1,41,0),(65,38,41,1818.85),(66,39,41,1752.62);
/*!40000 ALTER TABLE `tientrinhxemphims` ENABLE KEYS */;
UNLOCK TABLES;

--
-- Table structure for table `user_goi`
--

DROP TABLE IF EXISTS `user_goi`;
/*!40101 SET @saved_cs_client     = @@character_set_client */;
/*!50503 SET character_set_client = utf8mb4 */;
CREATE TABLE `user_goi` (
  `id` int unsigned NOT NULL AUTO_INCREMENT,
  `user_id` varchar(45) NOT NULL,
  `goi_id` varchar(45) NOT NULL,
  `start_date` date NOT NULL,
  `end_date` date NOT NULL,
  PRIMARY KEY (`id`)
) ENGINE=InnoDB AUTO_INCREMENT=57 DEFAULT CHARSET=utf8mb4 COLLATE=utf8mb4_0900_ai_ci;
/*!40101 SET character_set_client = @saved_cs_client */;

--
-- Dumping data for table `user_goi`
--

LOCK TABLES `user_goi` WRITE;
/*!40000 ALTER TABLE `user_goi` DISABLE KEYS */;
INSERT INTO `user_goi` VALUES (1,'1','1','2023-03-30','2023-04-13'),(5,'1','1','2023-03-30','2023-04-13'),(6,'1','1','2023-03-30','2023-04-13'),(7,'2','1','2023-03-31','2023-02-01'),(9,'2','1','2023-04-03','2023-03-03'),(10,'2','1','2023-04-04','2023-02-04'),(11,'2','1','2023-04-04','2023-05-04'),(12,'1','1','2023-04-16','2023-04-13'),(13,'1','1','2023-04-21','2023-04-13'),(14,'1','1','2023-04-21','2023-04-13'),(17,'5','2','2023-04-28','2023-05-28'),(18,'6','2','2023-05-02','2023-06-02'),(19,'6','2','2023-05-02','2023-06-02'),(21,'2','1','2023-05-05','2023-08-03'),(22,'12','2','2023-05-08','2023-06-07'),(25,'1','2','2023-05-12','2023-04-13'),(26,'14','2','2023-05-29','2023-06-28'),(28,'1','2','2023-05-29','2023-06-28'),(29,'15','2','2023-06-07','2023-07-07'),(30,'16','2','2023-06-10','2023-07-10'),(31,'17','9','2023-06-14','2023-07-14'),(32,'18','10','2023-06-18','2023-12-15'),(33,'19','2','2023-06-18','2023-09-16'),(34,'20','2','2023-06-22','2023-09-20'),(35,'6','9','2023-06-24','2023-07-24'),(36,'5','2','2023-06-24','2023-09-22'),(37,'22','2','2023-06-25','2023-09-23'),(38,'23','2','2023-06-25','2023-09-23'),(39,'24','2','2023-06-25','2023-09-23'),(40,'25','2','2023-06-25','2023-09-23'),(41,'26','2','2023-06-25','2023-09-23'),(42,'27','2','2023-06-25','2023-09-23'),(43,'28','2','2023-06-25','2023-09-23'),(44,'29','2','2023-06-25','2023-09-23'),(45,'30','2','2023-06-25','2023-09-23'),(46,'31','2','2023-06-25','2023-09-23'),(47,'32','2','2023-06-25','2023-09-23'),(48,'33','2','2023-06-25','2023-09-23'),(49,'33','2','2023-06-25','2023-09-23'),(50,'34','2','2023-06-26','2023-09-24'),(51,'35','2','2023-06-26','2023-09-24'),(52,'36','2','2023-06-26','2023-09-24'),(53,'37','2','2023-06-26','2023-09-24'),(54,'38','2','2023-06-27','2023-09-25'),(55,'39','2','2023-06-27','2023-09-25'),(56,'1','1','2023-07-12','2024-07-11');
/*!40000 ALTER TABLE `user_goi` ENABLE KEYS */;
UNLOCK TABLES;

--
-- Table structure for table `user_theloai`
--

DROP TABLE IF EXISTS `user_theloai`;
/*!40101 SET @saved_cs_client     = @@character_set_client */;
/*!50503 SET character_set_client = utf8mb4 */;
CREATE TABLE `user_theloai` (
  `id` int NOT NULL AUTO_INCREMENT,
  `user_id` int DEFAULT NULL,
  `theloai_id` int DEFAULT NULL,
  PRIMARY KEY (`id`)
) ENGINE=InnoDB AUTO_INCREMENT=147 DEFAULT CHARSET=utf8mb4 COLLATE=utf8mb4_0900_ai_ci;
/*!40101 SET character_set_client = @saved_cs_client */;

--
-- Dumping data for table `user_theloai`
--

LOCK TABLES `user_theloai` WRITE;
/*!40000 ALTER TABLE `user_theloai` DISABLE KEYS */;
INSERT INTO `user_theloai` VALUES (1,11,20),(2,11,23),(3,11,26),(4,1,12),(5,1,13),(6,1,14),(7,2,10),(8,2,11),(9,2,12),(10,2,13),(11,2,23),(12,2,24),(13,2,25),(14,2,26),(15,2,30),(16,2,31),(17,12,10),(18,12,13),(19,12,14),(32,14,12),(33,14,16),(34,14,23),(35,15,10),(36,15,11),(37,15,12),(38,15,16),(39,15,21),(40,15,23),(41,15,30),(42,1,10),(43,1,11),(44,1,14),(45,1,15),(46,1,22),(47,1,24),(48,15,11),(49,15,15),(50,15,16),(51,16,10),(52,16,12),(53,16,16),(54,16,26),(55,17,10),(56,17,12),(57,17,14),(58,17,21),(59,18,10),(60,18,12),(61,18,15),(62,18,16),(63,18,22),(64,18,26),(65,19,10),(66,19,12),(67,19,14),(68,20,10),(69,20,11),(70,20,12),(71,20,26),(72,6,10),(73,6,12),(74,6,16),(75,5,21),(76,5,25),(77,5,26),(78,22,10),(79,22,11),(80,22,12),(81,22,14),(82,23,10),(83,23,12),(84,23,14),(85,23,16),(86,24,10),(87,24,11),(88,24,12),(89,24,22),(90,24,25),(91,25,12),(92,25,14),(93,25,16),(94,26,12),(95,26,14),(96,26,16),(97,27,12),(98,27,14),(99,27,16),(100,28,10),(101,28,24),(102,28,26),(103,28,28),(104,29,10),(105,29,24),(106,29,26),(107,29,28),(108,30,12),(109,30,14),(110,30,16),(111,31,10),(112,31,24),(113,31,26),(114,31,28),(115,32,10),(116,32,24),(117,32,26),(118,32,28),(119,33,10),(120,33,24),(121,33,26),(122,33,28),(123,34,10),(124,34,24),(125,34,26),(126,34,28),(127,35,10),(128,35,24),(129,35,26),(130,35,28),(131,36,10),(132,36,24),(133,36,26),(134,36,28),(135,37,10),(136,37,24),(137,37,26),(138,37,28),(139,38,10),(140,38,24),(141,38,26),(142,38,28),(143,39,10),(144,39,24),(145,39,26),(146,39,28);
/*!40000 ALTER TABLE `user_theloai` ENABLE KEYS */;
UNLOCK TABLES;

--
-- Table structure for table `users`
--

DROP TABLE IF EXISTS `users`;
/*!40101 SET @saved_cs_client     = @@character_set_client */;
/*!50503 SET character_set_client = utf8mb4 */;
CREATE TABLE `users` (
  `id` bigint unsigned NOT NULL AUTO_INCREMENT,
  `name` varchar(255) COLLATE utf8mb4_unicode_ci NOT NULL,
  `email` varchar(255) COLLATE utf8mb4_unicode_ci NOT NULL,
  `email_verified_at` timestamp NULL DEFAULT NULL,
  `password` varchar(255) COLLATE utf8mb4_unicode_ci NOT NULL,
  `remember_token` varchar(100) COLLATE utf8mb4_unicode_ci DEFAULT NULL,
  `created_at` timestamp NULL DEFAULT NULL,
  `updated_at` timestamp NULL DEFAULT NULL,
  `role` varchar(45) COLLATE utf8mb4_unicode_ci NOT NULL DEFAULT '0',
  PRIMARY KEY (`id`),
  UNIQUE KEY `users_email_unique` (`email`)
) ENGINE=InnoDB AUTO_INCREMENT=40 DEFAULT CHARSET=utf8mb4 COLLATE=utf8mb4_unicode_ci;
/*!40101 SET character_set_client = @saved_cs_client */;

--
-- Dumping data for table `users`
--

LOCK TABLES `users` WRITE;
/*!40000 ALTER TABLE `users` DISABLE KEYS */;
INSERT INTO `users` VALUES (1,'Nguyễn Bảo Trung','nbtrungg@gmail.com',NULL,'$2y$10$mgE.WAS9BRldZobxL6RSCOudkbAhGVtNbj1n5q1al/HEzJ43Ac1di',NULL,NULL,NULL,'1'),(2,'Nguyễn Bảo Tín','nbtin@gmail.com',NULL,'$2y$10$mgE.WAS9BRldZobxL6RSCOudkbAhGVtNbj1n5q1al/HEzJ43Ac1di',NULL,NULL,NULL,'0'),(4,'truong nguyen','nguyen@gmail.com',NULL,'$2y$10$UW5OI.Ed55XTCWZuraeHhufRdciLiqwH/gOuLJYcKkRDVvtTIpAQ6',NULL,'2023-04-18 23:34:35','2023-04-18 23:34:35','0'),(5,'Nguyen Van Tuan','tuan@gmail.com',NULL,'$2y$10$N0ntCcLkmdGgfDcQejL2..ibwjs3VV1JDpUfI3XlQJxBWE0tAi.Ei',NULL,'2023-04-21 06:32:30','2023-04-21 06:32:30','0'),(6,'Nguyễn Thị Mỹ Hiệu','hieu@gmail.com',NULL,'$2y$10$.Wp2RWdt2SkHeObSBhzE6uP.OWMpmniMOYIPry8Keuhy6d.b.Qg3a',NULL,'2023-05-01 23:13:42','2023-05-01 23:13:42','0'),(11,'asd','asd@gmail.com',NULL,'$2y$10$rI/SgULHjSg85LLRf2mJkOXxl/k17jkaBMeW3RBcRv6c6LoGJuME2',NULL,'2023-05-02 00:10:02','2023-05-02 00:10:02','0'),(12,'Nguyen Van Du','du@gmail.com',NULL,'$2y$10$Tg/MPdGgbjKjUTRVW1Ujb.pfC4/arp.nsl9dbx8/Z7/b9mduuHG96',NULL,'2023-05-08 01:14:05','2023-05-08 01:14:05','0'),(14,'hải','hai11@gmail.com',NULL,'$2y$10$3iIYJEOnArusgJSbVWMVKObjBMeNyPH6Fd.M23FqH0yUKe308PKeW',NULL,'2023-05-29 10:13:57','2023-05-29 10:13:57','0'),(16,'Thanh Thanh','thanhthanh@gmail.com',NULL,'$2y$10$DKbNTsGQcOHgi5/guTIu/O49YtzIBEu1VW2Vc/h6EoZ6jfBMQ4zHa',NULL,'2023-06-10 06:52:19','2023-06-10 06:52:19','0'),(17,'Trung Bảo','bao@gmail.com',NULL,'$2y$10$J8NUmE3q3Dp6YBL7rPBtjuvSKUoeaIZeVApE2pTndXxWCPeZiXc9G',NULL,'2023-06-14 06:06:13','2023-06-14 06:06:13','0'),(18,'bảo trung','truung@gmail.com',NULL,'$2y$10$ayy3GYLNIyghuuphgx6OyetCTo0oYWPr2/Ilz2HGQK/hM2A/6mUO2',NULL,'2023-06-18 02:37:07','2023-06-18 02:37:07','0'),(19,'Nguyễn Bảo Tín','tinbao@gmail.com',NULL,'$2y$10$666H4eFs3Efl43qzRIc3pueX6r0c0xsn59BeJcXBQ90dxnbnVDXLW',NULL,'2023-06-18 02:46:25','2023-06-18 02:46:25','0'),(20,'quang','quang@gmail.com',NULL,'$2y$10$RosOzRmXmu2ElaaaX0xfp.BiGRGhk5pICHQwSQneoGSjxKHOvZwJu',NULL,'2023-06-22 04:10:59','2023-06-22 04:10:59','0'),(21,'thanh','thanh@gmail.com',NULL,'$2y$10$Mh77Jy7lsZKKq6kf/BIGBe6.gwxIq0qFhjxm4t9WTH5dopllqcup2',NULL,'2023-06-23 04:13:04','2023-06-23 04:13:04','0'),(22,'trungbao','trungbao@gmail.com',NULL,'$2y$10$I1FhobI8R7NdblVmkDNb1.5Ym7u5pJAB8s0hG1gMFc51Oekkd0GTi',NULL,'2023-06-25 09:28:27','2023-06-25 09:28:27','0'),(23,'trung bao','trunggbao@gmail.com',NULL,'$2y$10$GVxNIWWQeHWLQe1xkuEaaOCWD.V2bbgJNJZmD7R0Yj/u.zaFZLmRK',NULL,'2023-06-25 09:40:44','2023-06-25 09:40:44','0'),(24,'demo','demo@gmail.com',NULL,'$2y$10$bMPhWR/Trca6hWN/D9ZpH.pD4vPaozJKrOwThyHUWyOc6C.Yb7Y1.',NULL,'2023-06-25 09:51:39','2023-06-25 09:51:39','0'),(25,'hdhdf','demo1@gmail.com',NULL,'$2y$10$mA3CRuY.PNzTMOwEkU7gnehI4.qDOOy2ib5zJQR6hOy5ceiC7RUzW',NULL,'2023-06-25 10:00:31','2023-06-25 10:00:31','0'),(26,'demo2','demo2@gmail.com',NULL,'$2y$10$P26xfCuGL33P0Vroyan5CuLW5rN0/abLmji2xwQ2LZCids5Nnin8q',NULL,'2023-06-25 10:05:01','2023-06-25 10:05:01','0'),(27,'demo3','demo3@gmail.com',NULL,'$2y$10$keLnhsAxzO0KPRjqK4uh2eO0bvEHywanDvE/GuVQJrFV2A7acpPGC',NULL,'2023-06-25 10:08:00','2023-06-25 10:08:00','0'),(28,'demo4','demo4@gmail.com',NULL,'$2y$10$l.yk65zLXX/zEbFtvaf1feDUOtlIYiqG7QYz7fzUfo2lHTKL.GRUu',NULL,'2023-06-25 10:10:44','2023-06-25 10:10:44','0'),(29,'demo5','demo5@gmail.com',NULL,'$2y$10$VRoFbIrmtvspsNOLcMS21Of57igDQSZLrnbYURWdx/tbpfwbfEyvG',NULL,'2023-06-25 10:14:54','2023-06-25 10:14:54','0'),(30,'demo6','demo6@gmail.com',NULL,'$2y$10$fLKEXRXadcJ3s6sU.8QKQO63ZOCUnafSdpI44wDSWZPoC2jtsz9xK',NULL,'2023-06-25 10:17:31','2023-06-25 10:17:31','0'),(31,'demo7','demo7@gmail.com',NULL,'$2y$10$6ACXspJN2tceSvFres5bi.eGVo094nlMnvGSMPDnkD.IJMg6IX3uO',NULL,'2023-06-25 10:19:47','2023-06-25 10:19:47','0'),(32,'test','test@gmail.com',NULL,'$2y$10$NkuwiDe7Vt.DxFGj0njvNeEG3FmyAh./BVFq0lihgDkLM/TsD6gVG',NULL,'2023-06-25 10:23:52','2023-06-25 10:23:52','0'),(33,'demo8','demo8@gmail.com',NULL,'$2y$10$KBf4u47CcPpr4RiCLwzE0erRVDeEI9y16oFFR20Wi1F.BjZ5vbksu',NULL,'2023-06-25 16:51:29','2023-06-25 16:51:29','0'),(34,'demo9','demo9@gmail.com',NULL,'$2y$10$MsYIw.W.lrGbJERV5ZbVKec4m59tsKnZJR2CRB.NIcqZwANwRrsfi',NULL,'2023-06-26 01:14:30','2023-06-26 01:14:30','0'),(35,'demo10','demo10@gmail.com',NULL,'$2y$10$tXV6j.oBuubeiicaCCXBEenZmarTS486TqLAwiw00bOdFL7MdhUs.',NULL,'2023-06-26 01:31:18','2023-06-26 01:31:18','0'),(36,'demo11','demo11@gmail.com',NULL,'$2y$10$DKzYybcLXEMQvEQjGZPfQ.CulvAwgJpaQAQNEzy5WmFJ.zD9X4y2q',NULL,'2023-06-26 15:13:10','2023-06-26 15:13:10','0'),(37,'demo12','demo12@gmail.com',NULL,'$2y$10$uBrtBm3NO7Xdmx7hPjSh4uF9tZGa0qU/CEi5PiQfgLRtOPBBS3Og.',NULL,'2023-06-26 16:21:48','2023-06-26 16:21:48','0'),(38,'demo13','demo13@gmail.com',NULL,'$2y$10$2WKFbD4rqCqcHpUpCsJCUuzJ/bixpSP.PxFUWPWZjazzyIcBhEg6a',NULL,'2023-06-27 00:15:59','2023-06-27 00:15:59','0'),(39,'Báo Cáo','baocao@gmail.com',NULL,'$2y$10$EFJ46IvFmJ3gDq4mCzNFqeyAhXtYHpQgvkK8vKv9Vb4grdikRdPke',NULL,'2023-06-27 01:26:29','2023-06-27 01:26:29','0');
/*!40000 ALTER TABLE `users` ENABLE KEYS */;
UNLOCK TABLES;

--
-- Table structure for table `yeuthiches`
--

DROP TABLE IF EXISTS `yeuthiches`;
/*!40101 SET @saved_cs_client     = @@character_set_client */;
/*!50503 SET character_set_client = utf8mb4 */;
CREATE TABLE `yeuthiches` (
  `id` int NOT NULL AUTO_INCREMENT,
  `phim_id` int DEFAULT NULL,
  `user_id` int DEFAULT NULL,
  PRIMARY KEY (`id`)
) ENGINE=InnoDB AUTO_INCREMENT=99 DEFAULT CHARSET=utf8mb4 COLLATE=utf8mb4_0900_ai_ci;
/*!40101 SET character_set_client = @saved_cs_client */;

--
-- Dumping data for table `yeuthiches`
--

LOCK TABLES `yeuthiches` WRITE;
/*!40000 ALTER TABLE `yeuthiches` DISABLE KEYS */;
INSERT INTO `yeuthiches` VALUES (3,10,2),(5,28,2),(32,12,1),(33,25,1),(35,24,1),(41,31,1),(43,34,2),(44,35,2),(46,36,1),(49,34,1),(52,41,2),(53,39,2),(54,37,12),(55,45,1),(68,34,14),(69,31,16),(70,31,17),(71,47,17),(72,46,17),(73,37,18),(74,37,19),(77,54,1),(78,37,20),(88,61,6),(89,33,22),(90,37,23),(91,37,24),(92,65,29),(93,37,31),(94,55,32),(95,37,32),(96,41,1),(97,54,37),(98,48,39);
/*!40000 ALTER TABLE `yeuthiches` ENABLE KEYS */;
UNLOCK TABLES;
/*!40103 SET TIME_ZONE=@OLD_TIME_ZONE */;

/*!40101 SET SQL_MODE=@OLD_SQL_MODE */;
/*!40014 SET FOREIGN_KEY_CHECKS=@OLD_FOREIGN_KEY_CHECKS */;
/*!40014 SET UNIQUE_CHECKS=@OLD_UNIQUE_CHECKS */;
/*!40101 SET CHARACTER_SET_CLIENT=@OLD_CHARACTER_SET_CLIENT */;
/*!40101 SET CHARACTER_SET_RESULTS=@OLD_CHARACTER_SET_RESULTS */;
/*!40101 SET COLLATION_CONNECTION=@OLD_COLLATION_CONNECTION */;
/*!40111 SET SQL_NOTES=@OLD_SQL_NOTES */;

-- Dump completed on 2023-07-14 20:01:41
